Implied PPP conversion rate (National currency per international dollar),1980,1981,1982,1983,1984,1985,1986,1987,1988,1989,1990,1991,1992,1993,1994,1995,1996,1997,1998,1999,2000,2001,2002,2003,2004,2005,2006,2007,2008,2009,2010,2011,2012,2013,2014,2015,2016,2017,2018,2019,2020,2021,2022,2023,2024,2025,2026,2027
,,,,,,,,,,,,,,,,,,,,,,,,,,,,,,,,,,,,,,,,,,,,,,,,
Afghanistan,no data,no data,no data,no data,no data,no data,no data,no data,no data,no data,no data,no data,no data,no data,no data,no data,no data,no data,no data,no data,no data,no data,9.092,10.096,10.929,11.736,12.254,13.014,14.883,14.39,15.37,16.613,17.242,17.509,17.036,17.023,17.446,17.206,17.152,17.95,19.123,no data,no data,no data,no data,no data,no data,no data
Albania,3.21,2.87,2.706,2.602,2.43,2.443,2.339,2.283,2.204,2.122,2.045,2.681,9.166,19.235,25.806,27.763,31.244,34.168,36.062,36.309,37.51,38.081,38.864,40.093,40.276,40.343,40.105,40.763,41.643,42.378,43.756,43.858,43.655,44.114,42.894,42.694,42.39,41.231,40.862,40.649,40.437,41.125,40.224,40.058,39.953,39.932,39.908,39.862
Algeria,1.811,1.893,1.816,1.867,1.926,1.954,1.952,2.023,2.215,2.468,3.1,4.72,5.662,6.255,7.726,9.822,11.911,12.529,12.002,13.16,15.739,15.319,15.283,16.236,17.748,19.983,21.433,22.209,25.138,22.183,25.449,29.476,32.593,33.43,34.04,35.011,37.156,38.856,40.63,39.615,36.987,41.1,45.283,45.35,47.27,49.985,53.039,55.842
Andorra,no data,no data,no data,no data,no data,no data,no data,no data,no data,no data,no data,no data,no data,no data,no data,no data,no data,no data,no data,no data,0.698,0.704,0.716,0.724,0.727,0.728,0.731,0.735,0.737,0.734,0.728,0.714,0.695,0.675,0.662,0.665,0.643,0.63,0.622,0.619,0.619,0.606,0.589,0.584,0.583,0.583,0.582,0.581
Angola,0,0,0,0,0,0,0,0,0,0,0,0,0,0,0,0,0.024,0.046,0.064,0.413,2.09,4.218,10.086,19.18,24.925,34.408,39.092,39.703,46.502,38.461,50.047,64.606,65.682,66.019,65.001,68.182,80.779,92.952,116.451,138.617,158.416,213.1,228.27,233.157,246.655,258.581,268.292,277.984
Antigua and Barbuda,1.297,1.284,1.346,1.362,1.365,1.421,1.506,1.6,1.737,1.748,1.713,1.7,1.703,1.694,1.712,1.717,1.737,1.739,1.755,1.757,1.745,1.732,1.717,1.669,1.651,1.672,1.628,1.645,1.685,1.705,1.709,1.691,1.829,1.854,1.915,2.04,2.06,2.094,2.093,2.06,2.071,2.028,2.054,2.071,2.077,2.08,2.082,2.083
Argentina,0,0,0,0,0,0,0,0,0.001,0.016,0.334,0.767,0.852,0.817,0.823,0.832,0.816,0.799,0.776,0.752,0.743,0.718,0.923,0.999,1.031,1.103,1.217,1.362,1.647,1.888,2.255,2.733,3.218,3.941,5.452,6.867,9.295,10.257,14.228,21.091,29.168,42.721,67.722,115.379,169.655,234.77,315.793,409.455
Armenia,no data,no data,no data,no data,no data,no data,no data,no data,no data,no data,no data,no data,0.053,0.79,35.236,89.188,105.437,121.955,134.792,133.158,128.477,130.865,130.048,133.334,138.036,137.875,139.927,142.012,147.62,150.43,160.191,163.65,157.964,159.846,165.186,172.924,161.229,155.971,156.541,155.384,156.631,160.777,161.511,165.489,169.382,172.943,176.161,179.28
Aruba,no data,no data,no data,no data,no data,no data,0.979,0.99,0.986,0.986,1.006,1.028,1.043,1.073,1.116,1.131,1.146,1.169,1.232,1.24,1.224,1.163,1.196,1.209,1.21,1.233,1.238,1.267,1.297,1.31,1.279,1.303,1.318,1.285,1.309,1.362,1.355,1.351,1.298,1.333,1.253,1.23,1.237,1.23,1.242,1.256,1.27,1.279
Australia,0.92,0.925,0.976,1.021,1.045,1.066,1.109,1.16,1.222,1.264,1.28,1.256,1.244,1.228,1.218,1.227,1.229,1.22,1.219,1.213,1.238,1.254,1.27,1.283,1.293,1.312,1.337,1.36,1.419,1.416,1.474,1.511,1.54,1.447,1.452,1.474,1.45,1.466,1.464,1.485,1.478,1.496,1.507,1.482,1.469,1.48,1.488,1.496
Austria,0.898,0.874,0.867,0.865,0.873,0.872,0.878,0.875,0.897,0.888,0.882,0.884,0.895,0.898,0.901,0.899,0.891,0.887,0.881,0.871,0.864,0.861,0.857,0.852,0.844,0.839,0.829,0.826,0.826,0.836,0.833,0.831,0.814,0.797,0.799,0.799,0.777,0.77,0.766,0.765,0.773,0.754,0.739,0.735,0.737,0.739,0.741,0.741
Azerbaijan,no data,no data,no data,no data,no data,no data,no data,no data,no data,no data,no data,no data,0,0.001,0.034,0.114,0.139,0.145,0.142,0.144,0.165,0.171,0.175,0.184,0.196,0.218,0.235,0.276,0.347,0.279,0.314,0.384,0.369,0.359,0.355,0.377,0.431,0.505,0.554,0.543,0.496,0.577,0.667,0.638,0.642,0.648,0.652,0.656
"Bahamas, The",0.978,0.953,0.951,0.953,0.96,0.973,1.005,1.041,1.023,1.084,0.986,0.979,0.994,0.963,0.963,0.951,0.943,0.94,0.958,0.992,0.979,0.961,0.983,0.975,0.961,0.979,0.958,0.96,0.956,0.94,0.925,0.899,0.915,0.903,0.904,0.936,0.924,0.901,0.892,0.89,0.849,0.828,0.811,0.815,0.818,0.821,0.823,0.825
Bahrain,0.185,0.185,0.172,0.159,0.153,0.141,0.107,0.115,0.13,0.129,0.127,0.126,0.121,0.12,0.122,0.124,0.123,0.123,0.11,0.111,0.122,0.118,0.117,0.125,0.135,0.149,0.157,0.166,0.181,0.157,0.166,0.179,0.176,0.181,0.184,0.187,0.19,0.187,0.191,0.188,0.175,0.184,0.186,0.181,0.178,0.177,0.176,0.175
Bangladesh,8.178,8.026,8.247,8.848,9.6,10.189,10.938,11.644,12.157,12.565,12.891,13.057,12.967,12.929,13.373,13.844,14.14,14.497,14.942,15.267,15.428,15.628,16.143,16.648,16.957,17.307,17.83,18.609,19.585,20.817,22.121,23.41,23.787,24.966,25.819,27.284,28.499,29.738,30.4,30.975,31.837,31.974,32.111,33.244,34.448,35.667,36.911,38.128
Barbados,1.345,1.379,1.427,1.45,1.473,1.478,1.514,1.585,1.574,1.618,1.617,1.635,1.632,1.677,1.678,1.66,1.672,1.659,1.783,1.836,1.772,1.772,1.76,1.746,1.799,1.861,1.886,1.992,1.987,1.941,1.991,2.019,2.123,2.146,2.173,2.131,2.119,2.203,2.211,2.292,2.318,2.293,2.311,2.304,2.329,2.35,2.357,2.357
Belarus,no data,no data,no data,no data,no data,no data,no data,no data,no data,no data,no data,no data,0,0,0,0,0,0.001,0.001,0.006,0.016,0.029,0.041,0.052,0.063,0.072,0.077,0.085,0.101,0.106,0.117,0.196,0.32,0.374,0.449,0.525,0.564,0.609,0.667,0.712,0.787,0.854,0.964,1.053,1.16,1.226,1.271,1.314
Belgium,0.842,0.809,0.819,0.833,0.848,0.86,0.866,0.86,0.848,0.855,0.848,0.844,0.853,0.867,0.866,0.883,0.872,0.863,0.869,0.862,0.86,0.858,0.859,0.858,0.851,0.842,0.836,0.829,0.829,0.828,0.834,0.832,0.822,0.806,0.8,0.8,0.781,0.773,0.766,0.766,0.767,0.768,0.771,0.774,0.774,0.775,0.774,0.773
Belize,1.672,1.588,1.617,1.546,1.496,1.459,1.452,1.359,1.399,1.344,1.322,1.245,1.261,1.254,1.266,1.308,1.322,1.28,1.285,1.239,1.222,1.187,1.18,1.119,1.115,1.112,1.117,1.127,1.143,1.117,1.126,1.151,1.239,1.264,1.312,1.319,1.342,1.375,1.344,1.318,1.284,1.273,1.267,1.281,1.283,1.284,1.286,1.286
Benin,144.645,112.014,120.173,129.603,139.203,138.66,130.254,131.767,126.957,124.406,115.342,112.413,113.233,113.242,149.713,168.78,177.194,180.579,187.911,203.026,207.146,206.574,210.633,212.88,208.911,211.256,209.224,204.514,213.577,217.606,216.916,220.434,234.004,231.477,225.044,220.524,214.434,216.774,212.965,208.557,212.005,206.842,202.473,197.362,195.556,196.618,197.618,198.593
Bhutan,4.996,4.776,4.776,4.933,5.153,5.396,5.646,5.705,5.89,6.213,6.373,6.609,7.06,7.497,8.231,8.893,9.459,10.286,11.311,12.123,12.355,12.515,12.951,13.186,13.277,13.501,13.836,14.038,14.357,14.997,15.613,16.397,17.148,18.135,18.677,18.587,18.831,19.208,19.379,19.291,19.799,20.181,20.143,20.76,21.589,22.292,22.884,23.415
Bolivia,0,0,0,0,0.002,0.189,0.612,0.681,0.777,0.846,0.948,1.08,1.195,1.244,1.315,1.435,1.572,1.634,1.729,1.746,1.796,1.79,1.812,1.889,1.987,2.041,2.25,2.352,2.548,2.47,2.655,2.981,3.045,3.033,3.018,2.941,2.835,2.749,2.767,2.699,2.618,2.613,2.508,2.485,2.519,2.559,2.599,2.639
Bosnia and Herzegovina,no data,no data,no data,no data,no data,no data,no data,no data,no data,no data,no data,no data,no data,no data,0.481,0.502,0.485,0.554,0.562,0.574,0.6,0.614,0.635,0.632,0.631,0.631,0.654,0.677,0.718,0.713,0.715,0.718,0.706,0.686,0.687,0.694,0.676,0.676,0.679,0.684,0.677,0.682,0.705,0.713,0.723,0.727,0.73,0.731
Botswana,0.42,0.37,0.385,0.399,0.47,0.562,0.59,0.674,0.821,0.838,0.801,0.824,0.886,0.959,1.073,1.13,1.322,1.364,1.515,1.714,1.862,1.957,1.92,1.935,2.08,2.335,2.456,2.536,2.721,3.112,3.312,3.655,3.964,4.126,4.284,4.43,4.575,4.734,4.626,4.56,4.701,4.628,4.686,4.744,4.896,5.032,5.159,5.288
Brazil,0,0,0,0,0,0,0,0,0,0,0,0,0.001,0.012,0.284,0.539,0.627,0.664,0.689,0.734,0.758,0.802,0.867,0.97,1.018,1.061,1.099,1.139,1.215,1.296,1.388,1.473,1.606,1.701,1.813,1.989,2.133,2.182,2.226,2.28,2.368,2.526,2.555,2.622,2.67,2.709,2.745,2.782
Brunei Darussalam,no data,no data,no data,no data,no data,0.855,0.581,0.632,0.55,0.577,0.613,0.585,0.541,0.529,0.509,0.528,0.505,0.519,0.442,0.462,0.518,0.479,0.473,0.492,0.556,0.64,0.683,0.672,0.744,0.576,0.599,0.705,0.676,0.668,0.65,0.685,0.666,0.647,0.69,0.655,0.577,0.64,0.795,0.723,0.689,0.662,0.643,0.626
Bulgaria,0.001,0.001,0.001,0.001,0.001,0.001,0.001,0.001,0.001,0.001,0.001,0.002,0.003,0.005,0.01,0.016,0.035,0.345,0.457,0.465,0.489,0.507,0.519,0.52,0.534,0.552,0.572,0.618,0.656,0.677,0.674,0.701,0.693,0.68,0.661,0.679,0.667,0.674,0.686,0.71,0.731,0.745,0.793,0.806,0.806,0.807,0.81,0.813
Burkina Faso,196.622,195.795,204.861,211.459,205.89,203.811,187.11,184.853,184.643,186.26,182.791,169.795,166.389,160.193,179.803,188.033,185.295,184.989,197.455,203.35,197.215,200.51,203.469,202.493,197.378,198.533,191.314,190.923,204.489,208.075,213.374,223.116,238.979,231.079,231.326,225.416,215.197,208.757,208.032,203.083,209.875,199.688,192.772,189.863,189.68,189.944,190.123,190.244
Burundi,66.663,56.503,56.805,57.634,65.019,66.163,62.591,59.024,57.805,64.445,64.81,64.83,66.778,70.28,73.378,83.443,93.781,119.628,131.834,156.786,193.662,216.201,219.469,232.248,258.541,288.042,287.372,302.96,369.243,403.908,434.736,461.509,527.053,539.311,547.1,570.659,585.893,654.896,621.382,615.481,644.387,671.244,688.359,712.941,746.863,782.734,814.345,846.024
Cabo Verde,27.83,27.862,30.808,32.781,34.415,34.584,39.902,41.793,42.56,42.399,41.843,42.424,42.8,46.467,48.718,49.916,50.877,51.2,52.37,55.257,52.637,52.153,51.189,51.089,49.443,48.241,48.223,48.231,49.001,49.748,49.406,49.695,51.141,51.855,51.84,50.453,49.364,48.477,48.068,47.489,46.519,45.449,44.325,43.917,43.864,43.929,43.975,43.982
Cambodia,no data,no data,no data,no data,no data,no data,no data,29.609,50.137,57.412,136.028,272.76,467.761,947.677,914.228,1002.943,1014.776,1057.481,1154.022,1152.343,1082.668,1082.702,1073.689,1071.834,1094.165,1125.363,1142.235,1184.671,1304.816,1328.976,1354.171,1371.235,1336.79,1340.068,1386.036,1395.92,1402.131,1428.354,1438.439,1458.88,1400.136,1378.162,1332.552,1327.397,1338.314,1352.794,1367.079,1379.805
Cameroon,166.468,165.51,175.277,190.216,208.481,224.609,220.53,210.072,204.66,193.251,189.458,189.712,183.018,182.299,204.149,218.911,220.948,224.863,230.82,232.787,232.166,234.838,236.81,237.797,232.965,231.233,230.102,225.639,232.309,239.055,237.758,238.707,242.194,241.083,239.119,240.708,237.444,232.801,231.535,230.245,228.647,226.869,222.101,220.124,221.552,221.978,222.099,222.18
Canada,1.118,1.126,1.154,1.175,1.174,1.176,1.189,1.216,1.228,1.237,1.233,1.229,1.219,1.206,1.198,1.2,1.199,1.192,1.177,1.183,1.206,1.199,1.196,1.211,1.218,1.217,1.211,1.218,1.243,1.206,1.226,1.24,1.245,1.224,1.23,1.248,1.207,1.205,1.196,1.192,1.187,1.231,1.255,1.251,1.246,1.243,1.235,1.228
Central African Republic,167.466,175.42,188.849,204.248,196.874,250.776,233.038,213.393,212.672,208.956,199.749,190.525,186.87,179.079,201.415,226.115,218.286,225.829,231.508,233.691,228.595,233.161,233.654,236.356,230.834,234.173,233.946,229.078,237.112,244.717,251.994,256.761,262.129,254.347,290.945,283.524,280.048,286.829,283.734,285.59,287.447,285.08,282.809,289.978,292.309,294.586,296.282,297.693
Chad,89.435,138.414,139.882,144.463,163.58,149.217,131.003,121.324,126.285,120.548,115.81,104.169,97.286,90.728,133.755,145.47,159.378,162.603,171.646,156.443,161.069,179.255,179.871,176.491,188.641,225.098,240.031,241.724,257.524,231.622,243.054,258.131,285.354,308.42,300.386,252.075,246.884,243.655,243.459,242.959,234.892,241.823,254.592,244.761,240.612,238.695,237.896,237.748
Chile,29.692,30.238,32.077,39.923,44.232,58.895,70.491,86.57,102.603,112.036,132.283,156.521,174.175,190.186,212.569,232.702,236.317,240.009,239.173,240.925,246.389,251.389,255.846,261.739,272.875,283.398,308.915,315.869,310.638,319.585,343.933,348.017,347.228,349.681,367.214,391.361,409.978,411.264,408.09,411.146,441.666,456.574,460.843,482.66,488.981,496.111,500.511,504.681
"China, People's Republic of",1.5,1.413,1.336,1.3,1.316,1.404,1.446,1.483,1.606,1.682,1.716,1.762,1.859,2.091,2.465,2.743,2.872,2.869,2.808,2.733,2.729,2.725,2.703,2.723,2.833,2.868,2.889,3.033,3.193,3.168,3.326,3.524,3.561,3.664,3.759,3.871,3.989,4.184,4.229,4.242,4.244,4.206,4.096,3.996,4,4.012,4.017,4.026
Colombia,27.99,31.392,36.888,42.74,50.401,61.013,77.255,93.014,114.778,137.711,170.222,207.58,249.679,302.203,371.681,432.676,496.567,570.357,647.333,718.911,781.392,813.988,849.331,889.77,929.618,951.445,976.572,1000.336,1056.868,1092.818,1120.925,1168.243,1203.585,1206.679,1220.607,1276.479,1285.21,1314.787,1343.573,1372.792,1374.845,1405.826,1424.057,1447.994,1466.565,1482.362,1498.826,1514.404
Comoros,158.563,154.569,160.592,168.71,172.77,170.091,169.373,170.549,167.038,169.748,158.974,169.403,157.743,157.566,173.871,180.846,182.809,181.536,181.96,186.356,193.827,203.585,208.122,214.157,209.468,202.268,207.892,212.614,215.173,215.911,216.921,218.978,213.964,211.5,206.343,203.344,197.571,190.126,187.472,192.46,191.881,183.241,179.522,179.701,178.104,177.946,178.039,178.006
"Congo, Dem. Rep. of the",0,0,0,0,0,0,0,0,0,0,0,0,0,0,0.013,0.07,0.51,1.465,1.929,10.261,62.61,105.965,137.433,152.855,158.336,199.376,219.181,256.675,303.387,399.904,477.292,532.063,583.255,558.907,530.018,508.596,494.127,645.391,818.442,836.225,881.928,995.427,1007.079,1066.605,1094.539,1125.955,1154.028,1193.718
"Congo, Republic of ",149.469,140.306,136.044,134.807,134,133.796,135.118,135.861,113.5,101.91,97.44,98.542,93.781,88.567,118.742,119.482,134.309,137.575,110.08,138.778,192.569,170.77,173.535,163.556,191.658,221.708,239.548,248.965,284.024,222.483,284.513,309.251,316.116,316.152,314.805,311.999,316.625,297.674,358.779,350.076,298.322,339.899,389.73,367.232,352.372,342.954,338.913,335.261
Costa Rica,5.076,6.544,11.35,14.083,15.861,18.533,21.447,23.052,26.462,29.346,33.519,53.176,62.248,67.152,76.051,90.308,102.053,115.05,127.352,139.433,149.147,160.04,173.006,187.723,207.222,227.068,248.872,267.808,292.787,319.146,336.26,344.546,353.785,357.828,363.422,364.163,352.897,350.817,350.144,352.82,349.163,342.199,336.747,339.906,344.527,348.823,352.737,356.367
Croatia,no data,no data,no data,no data,no data,no data,no data,no data,no data,no data,no data,no data,0.082,1.262,2.615,2.703,2.755,2.897,3.101,3.172,3.24,3.303,3.377,3.454,3.486,3.486,3.513,3.566,3.692,3.777,3.767,3.753,3.664,3.575,3.543,3.511,3.382,3.327,3.315,3.319,3.276,3.247,3.286,3.349,3.403,3.437,3.439,3.432
Cyprus,0.464,0.474,0.491,0.498,0.519,0.533,0.544,0.552,0.55,0.555,0.564,0.567,0.588,0.604,0.622,0.634,0.639,0.642,0.647,0.653,0.656,0.665,0.657,0.679,0.679,0.672,0.672,0.681,0.7,0.697,0.702,0.699,0.707,0.687,0.68,0.663,0.622,0.615,0.607,0.603,0.589,0.58,0.564,0.567,0.563,0.567,0.57,0.574
Czech Republic,no data,no data,no data,no data,no data,no data,no data,no data,no data,no data,no data,no data,no data,no data,no data,10.91,11.746,12.507,13.581,13.799,13.742,14.097,14.258,14.163,14.351,13.928,13.6,13.711,13.723,13.989,13.625,13.345,13.298,12.785,12.703,12.935,12.578,12.378,12.399,12.655,13.044,12.948,13.382,13.918,14.049,14.149,14.178,14.191
CÃ´te d'Ivoire,141.892,133.505,136.157,140.625,158.333,155.365,149.936,140.389,134.29,128.67,118.414,115.301,112.709,116.86,168.56,186.03,191.067,195.744,200.61,199.378,199.339,209.366,219.898,225.995,213.725,209.923,207.191,207.657,221.073,224.818,234.114,236.911,241.715,247.242,246.519,250.638,252.411,253.746,249.399,245.507,244.966,241.778,234.623,232.442,231.99,231.629,230.712,229.727
Denmark,6.593,6.667,6.917,7.148,7.309,7.389,7.411,7.576,7.607,7.683,7.599,7.546,7.5,7.369,7.328,7.269,7.282,7.303,7.311,7.331,7.384,7.404,7.461,7.425,7.383,7.366,7.294,7.275,7.433,7.425,7.573,7.466,7.564,7.355,7.329,7.303,7.081,6.852,6.742,6.693,6.786,6.695,6.631,6.633,6.66,6.697,6.724,6.749
Djibouti,no data,no data,no data,no data,no data,no data,no data,no data,no data,no data,67.427,69.787,70.145,71.635,75.016,77.06,78.021,79.005,79.836,80.414,80.282,80.127,78.897,78.928,79.393,79.43,79.745,81.509,87.7,88.496,90.901,93.572,98.27,100.152,102.111,103.302,106.126,106.023,104.228,102.857,103.423,100.433,100.017,98.38,99.204,99.83,100.413,100.97
Dominica,1.581,1.47,1.45,1.499,1.536,1.607,1.665,1.717,1.733,1.808,1.798,1.873,1.911,1.917,2.02,1.994,2.023,2.017,2.045,2.068,1.986,1.983,1.968,1.87,1.89,1.806,1.793,1.773,1.765,1.895,1.878,1.87,1.859,1.867,1.811,1.841,1.826,1.738,1.743,1.789,1.748,1.705,1.676,1.694,1.692,1.695,1.696,1.697
Dominican Republic,0.632,0.619,0.627,0.643,0.77,1.033,1.108,1.237,1.715,2.04,2.959,4.529,4.675,4.794,5.17,5.552,5.653,6.082,6.406,6.559,6.876,7.13,7.507,9.825,13.89,14.246,14.737,15.445,16.729,17.204,17.925,18.976,20.189,20.887,21.359,21.151,20.819,21.613,21.979,22.138,22.908,23.771,24.079,24.6,25.16,25.69,26.219,26.751
Ecuador,0.647,0.582,0.541,0.471,0.464,0.504,0.351,0.341,0.283,0.267,0.254,0.262,0.27,0.302,0.342,0.356,0.36,0.381,0.371,0.276,0.248,0.311,0.343,0.372,0.378,0.395,0.414,0.43,0.48,0.48,0.51,0.528,0.551,0.543,0.544,0.554,0.549,0.535,0.532,0.525,0.517,0.509,0.502,0.492,0.486,0.48,0.473,0.467
Egypt,0.186,0.182,0.189,0.204,0.205,0.216,0.224,0.299,0.333,0.388,0.457,0.501,0.611,0.655,0.685,0.749,0.788,0.821,0.843,0.839,0.86,0.857,0.864,0.905,0.984,1.013,1.055,1.157,1.274,1.407,1.531,1.675,1.747,1.875,2.162,2.296,2.563,3.267,3.879,4.332,4.547,4.576,4.658,5.085,5.388,5.681,5.973,6.276
El Salvador,0.387,0.331,0.328,0.298,0.207,0.194,0.191,0.185,0.205,0.223,0.312,0.325,0.328,0.348,0.374,0.407,0.426,0.433,0.446,0.444,0.449,0.453,0.453,0.457,0.458,0.463,0.468,0.476,0.483,0.48,0.487,0.505,0.524,0.51,0.496,0.488,0.473,0.463,0.459,0.455,0.448,0.456,0.462,0.458,0.456,0.454,0.451,0.447
Equatorial Guinea,74.381,77.766,102.843,123.462,149.711,221.71,210.981,209.014,209.924,192.315,195.999,196.765,164.841,157.5,191.799,187.86,202.934,174.664,117.214,159.916,134.521,122.488,118.159,153.952,165.228,203.552,226.532,227.272,267.238,210.224,259.465,297.509,295.038,289.679,284.185,277.464,267.943,248.934,266.257,253.302,228.185,264.865,337.248,306.249,297.944,298.662,304.11,308.684
Eritrea,no data,no data,no data,no data,no data,no data,no data,no data,no data,no data,no data,no data,1.001,0.999,1.105,1.208,1.312,1.343,1.452,1.552,1.819,2.047,2.341,2.798,3.401,3.549,3.835,4.006,4.413,5.494,6.003,6.077,6.391,6.09,6.072,5.827,5.809,5.47,4.979,4.655,4.928,4.791,4.692,4.849,4.986,5.166,5.366,5.583
Estonia,no data,no data,no data,no data,no data,no data,no data,no data,no data,no data,no data,no data,no data,0.135,0.185,0.244,0.293,0.317,0.335,0.352,0.357,0.372,0.385,0.392,0.399,0.41,0.434,0.474,0.497,0.492,0.495,0.512,0.521,0.522,0.527,0.537,0.528,0.534,0.546,0.554,0.544,0.554,0.602,0.626,0.629,0.634,0.638,0.642
Eswatini,0.582,0.592,0.609,0.622,0.663,0.753,0.817,0.845,1.005,1.04,1.107,1.166,1.266,1.443,1.624,1.848,1.96,2.144,2.277,2.366,2.544,2.71,2.906,3.021,3.056,3.157,3.187,3.258,3.53,3.851,3.927,4.052,4.497,4.69,4.982,5.323,5.788,6.206,6.231,6.269,6.353,6.045,5.908,5.987,6.184,6.353,6.523,6.693
Ethiopia,1.456,1.365,1.34,1.329,1.241,1.59,1.476,1.352,1.346,1.369,1.364,1.573,1.781,1.969,1.978,2.184,2.129,2.108,2.092,2.085,2.084,1.938,1.838,2.031,2.092,2.212,2.378,2.705,3.446,4.201,4.291,5.036,6.641,7.081,7.144,7.767,8.056,8.521,9.276,10.221,11.942,13.881,17.034,21.76,26.512,30.477,33.948,37.397
Fiji,0.624,0.577,0.579,0.597,0.584,0.608,0.62,0.654,0.662,0.618,0.635,0.651,0.676,0.705,0.696,0.689,0.697,0.71,0.755,0.795,0.742,0.75,0.763,0.809,0.805,0.85,0.855,0.858,0.853,0.86,0.885,0.949,0.93,0.935,0.932,0.911,0.937,0.939,0.93,0.934,0.912,0.845,0.827,0.826,0.832,0.838,0.843,0.848
Finland,0.74,0.754,0.775,0.807,0.845,0.862,0.885,0.901,0.937,0.96,0.978,0.96,0.947,0.941,0.939,0.958,0.94,0.943,0.962,0.957,0.951,0.961,0.955,0.939,0.92,0.9,0.881,0.881,0.891,0.901,0.893,0.898,0.908,0.905,0.907,0.908,0.881,0.863,0.86,0.858,0.86,0.847,0.82,0.818,0.816,0.816,0.816,0.815
France,0.781,0.797,0.842,0.888,0.918,0.937,0.966,0.965,0.964,0.956,0.946,0.938,0.936,0.93,0.919,0.909,0.905,0.898,0.896,0.886,0.879,0.877,0.881,0.88,0.873,0.862,0.853,0.852,0.857,0.851,0.851,0.841,0.844,0.812,0.808,0.808,0.78,0.766,0.756,0.752,0.765,0.744,0.713,0.712,0.716,0.715,0.713,0.711
Gabon,145.272,160.332,164.399,172.205,174.719,173.32,175.085,132.609,135.247,131.981,146.816,125.86,123.315,119.846,171.966,170.687,190.351,188.896,153.569,180.519,226.097,207.266,204.936,201.611,210.686,250.708,263.846,271.278,304.793,256.066,295.081,325.733,326.274,316.435,310.415,297.011,289.721,279.766,292.827,292.149,262.294,315.783,352.196,327.818,317.572,310.341,305.144,301.103
"Gambia, The",1.44,1.593,1.362,1.34,1.428,1.69,2.246,2.919,3.052,3.342,3.715,4.113,4.342,4.482,4.729,4.668,4.772,4.99,4.964,5.056,5.123,5.771,6.597,8.241,9.005,9.091,8.934,9.083,9.132,9.484,9.9,10.142,10.831,11.873,12.506,13.588,14.483,15.286,15.967,16.667,16.829,17.426,17.652,18.654,19.494,20.114,20.525,20.992
Georgia,no data,no data,no data,no data,no data,no data,no data,no data,no data,no data,0,0,0,0.001,0.111,0.286,0.4,0.419,0.443,0.48,0.491,0.506,0.528,0.535,0.565,0.591,0.622,0.663,0.713,0.693,0.761,0.811,0.743,0.725,0.723,0.754,0.748,0.805,0.82,0.847,0.898,0.956,0.999,1.023,1.033,1.045,1.056,1.067
Germany,0.926,0.882,0.871,0.865,0.852,0.844,0.854,0.848,0.831,0.819,0.815,0.903,0.93,0.944,0.943,0.942,0.93,0.917,0.913,0.904,0.879,0.871,0.87,0.864,0.851,0.828,0.807,0.799,0.792,0.801,0.797,0.789,0.787,0.775,0.769,0.778,0.753,0.741,0.738,0.74,0.745,0.737,0.717,0.732,0.742,0.743,0.742,0.741
Ghana,0.001,0.001,0.001,0.003,0.004,0.005,0.007,0.01,0.012,0.015,0.02,0.023,0.025,0.029,0.037,0.051,0.07,0.083,0.096,0.108,0.134,0.177,0.214,0.27,0.299,0.334,0.363,0.409,0.473,0.538,0.618,0.697,0.766,0.884,1.047,1.266,1.544,1.764,1.905,2.03,2.194,2.342,2.708,3.085,3.416,3.668,3.882,4.011
Greece,0.084,0.093,0.111,0.129,0.152,0.176,0.205,0.23,0.259,0.286,0.333,0.385,0.432,0.483,0.526,0.566,0.598,0.627,0.651,0.665,0.661,0.669,0.681,0.691,0.693,0.687,0.69,0.695,0.711,0.725,0.721,0.713,0.685,0.631,0.611,0.609,0.589,0.576,0.562,0.553,0.542,0.531,0.542,0.54,0.537,0.535,0.534,0.534
Grenada,1.559,1.465,1.437,1.407,1.442,1.52,1.552,1.592,1.642,1.723,1.657,1.709,1.738,1.729,1.745,1.76,1.775,1.778,1.788,1.781,1.789,1.787,1.766,1.731,1.72,1.708,1.734,1.728,1.829,1.817,1.804,1.771,1.8,1.769,1.733,1.736,1.73,1.69,1.639,1.664,1.639,1.593,1.534,1.531,1.527,1.529,1.533,1.537
Guatemala,0.402,0.399,0.395,0.404,0.406,0.468,0.649,0.684,0.737,0.787,1.066,1.372,1.461,1.635,1.789,1.904,2.036,2.168,2.347,2.431,2.541,2.673,2.793,2.853,2.923,2.981,3.029,3.141,3.366,3.385,3.511,3.637,3.648,3.717,3.767,3.732,3.858,3.933,3.89,3.958,4.018,3.964,3.882,3.927,3.987,4.046,4.103,4.159
Guinea,64.378,63.894,78.028,97.102,117.38,135.401,225.189,279.659,328.627,386.794,437.265,532.77,657.47,646.549,641.878,665.651,655.504,655.276,677.625,692.491,700.187,695.123,696.723,802.084,908.691,1249.137,1564.156,1735.307,1986.925,2017.74,2328.07,2485.901,2789.94,2932.747,3059.935,3164.996,3159.342,3216.035,3362.728,3614.265,3738.861,4007.78,4210.299,4537.177,4837.723,5163.316,5462.369,5774.137
Guinea-Bissau,139.227,210.255,261.391,340.607,248.484,348.819,259.974,176.426,154.182,185.747,177.625,234.302,223.271,178.259,185.912,336.178,311.102,312.654,341.144,294.615,222.023,225.3,229.328,223.607,205.826,205.783,191.153,197.272,218.264,208.578,216.849,230.392,232.193,229.744,223.304,223.351,224.407,222.749,212.044,201.126,196.744,193.995,186.189,184.818,186.088,187.808,189.46,191.067
Guyana,1.138,1.095,1.034,1.142,1.281,1.465,1.636,3.372,4.034,11.154,16.933,38.031,41.729,46.589,53.812,58.341,58.897,58.687,59.016,66.27,67.72,66.816,68.468,70.348,71.786,73.932,75.779,81.629,88.521,88.89,93.509,100.269,104.888,102.278,101.929,102.838,106.23,105.353,99.924,101.074,73.609,80.537,91.643,80.022,73.097,67.526,63.799,62.146
Haiti,1.328,1.322,1.332,1.397,1.491,1.593,1.73,0.835,0.528,0.475,0.585,0.602,0.588,0.914,3.363,4.667,5.04,5.585,6.305,6.654,7.226,8.003,8.479,9.564,11.579,12.734,13.506,14.354,15.456,17.054,18.097,18.495,20.129,20.93,21.596,23.232,25.26,28.498,29.859,34.483,41.085,47.075,55.737,65.215,72.49,80.355,87.94,94.662
Honduras,1.557,1.467,1.489,1.49,1.485,1.463,1.465,1.462,1.541,1.654,1.993,2.434,2.468,2.673,3.176,3.849,4.467,5.129,5.595,5.935,6.267,6.625,6.858,7.113,7.373,7.67,7.838,8.137,8.606,9.206,9.522,10.057,10.37,10.332,10.398,10.474,10.393,10.362,10.317,10.554,10.911,10.874,11.028,11.551,11.886,12.136,12.386,12.637
Hong Kong SAR,3.98,4.025,4.16,4.186,4.429,4.525,4.601,4.877,5.126,5.552,5.756,6.077,6.53,6.928,7.212,7.356,7.649,7.952,7.96,7.527,7.111,6.831,6.497,5.989,5.623,5.444,5.252,5.275,5.242,5.189,5.141,5.233,5.454,5.548,5.706,5.831,5.932,6.011,6.086,6.101,6.067,5.875,5.538,5.411,5.403,5.415,5.434,5.435
Hungary,11.065,10.629,10.583,10.689,10.97,11.262,11.453,12.098,13.734,15.692,19.009,24.954,29.646,35.121,41.089,50.481,60.445,71.459,80.392,85.712,91.846,99.744,106.161,109.773,112.345,111.79,112.412,115.409,118.661,122.847,124.456,124.272,125.624,124.979,129.415,132.518,132.047,134.363,137.588,141.612,148.76,152.644,153.565,159.931,165.26,168.296,170.602,172.384
Iceland,6.642,9.043,13.081,22.226,27.217,34.804,42.406,49.703,59.048,69.722,77.451,81.201,81.946,81.322,81.649,82.326,82.85,83.689,86.659,88.454,89.976,95.652,99.715,98.266,98.257,98.19,103.458,105.101,115.638,127.316,133.816,135.152,136.968,137.023,138.548,141.937,140.044,137.122,137.465,141.109,144.462,147.016,148.055,150.039,152.516,153.409,154.998,156.422
India,4.024,4.074,4.148,4.333,4.513,4.69,4.909,5.238,5.476,5.714,6.095,6.706,7.145,7.668,8.257,8.82,9.318,9.753,10.417,10.625,10.754,10.843,11.062,11.259,11.6,11.724,12.104,12.463,13.289,14.005,15.081,15.55,16.161,17.342,18.387,19.235,19.899,20.648,20.949,21.073,21.989,23.215,23.43,23.97,24.558,25.166,25.734,26.307
Indonesia,328.173,313.401,310.277,357.083,375.75,378.909,378.343,417.688,435.746,461.204,478.901,503.137,523.326,552.363,582.868,627.313,669.484,740.872,1284.083,1445.556,1531.73,1712.129,1785.252,1846.767,1952.273,2164.2,2395.173,2594.714,2985.904,3145.831,3336.629,3512.754,3569.893,3765.672,4030.775,4353.327,4518.104,4695.659,4761.217,4752.309,4675.221,4758.709,4719.261,4808.321,4858.861,4915.027,4969.634,5023.305
Iran,30.499,34.989,34.883,38.932,44,44.122,48.488,57.578,66.602,76.038,91.476,112.145,142.262,204.384,264.49,364.304,463.717,524.208,565.344,733.41,903.723,1006.693,1290.456,1447.879,1697.053,1994.462,2237.889,2692.159,3211.491,3382.674,3874.056,4758.87,6093.563,8503.847,9758.554,10701.562,11796.811,13061.295,16792.89,21535.324,30697.995,46072.542,62381.736,82855.825,104667.968,127907.949,156365.24,191487.484
Iraq,no data,no data,no data,no data,no data,no data,no data,no data,no data,no data,no data,no data,no data,no data,no data,no data,no data,no data,214.014,362.911,508.854,389.863,423.133,184.391,207.82,273.746,326.772,364.115,465.07,371.896,428.436,523.34,525.738,531.128,557.279,560.517,570.485,560.761,607.798,590.01,505.226,669.303,782.454,703.778,685.572,676.036,671.771,670.545
Ireland,0.522,0.564,0.621,0.664,0.688,0.71,0.738,0.743,0.744,0.752,0.73,0.723,0.727,0.747,0.743,0.769,0.76,0.777,0.819,0.843,0.881,0.921,0.954,0.972,0.951,0.951,0.954,0.94,0.918,0.87,0.834,0.832,0.823,0.811,0.819,0.809,0.794,0.791,0.781,0.795,0.773,0.747,0.738,0.746,0.759,0.763,0.768,0.771
Israel,0.004,0.009,0.02,0.047,0.221,0.768,1.13,1.313,1.521,1.76,1.975,2.341,2.576,2.805,3.117,3.307,3.548,3.769,3.984,4.171,4.159,4.138,4.269,4.167,4.063,3.98,3.917,3.847,3.825,3.969,3.968,3.945,3.955,3.84,3.94,3.924,3.788,3.745,3.686,3.688,3.682,3.61,3.506,3.533,3.558,3.58,3.592,3.6
Italy,0.347,0.377,0.419,0.465,0.498,0.528,0.557,0.577,0.596,0.61,0.627,0.653,0.667,0.677,0.687,0.715,0.734,0.74,0.749,0.75,0.747,0.752,0.765,0.774,0.774,0.765,0.758,0.757,0.76,0.768,0.762,0.759,0.748,0.737,0.74,0.738,0.701,0.687,0.678,0.672,0.673,0.649,0.625,0.622,0.62,0.62,0.621,0.621
Jamaica,0.742,0.714,0.749,0.853,1.061,1.265,1.341,1.37,1.643,1.815,2.661,3.942,7.199,9.381,11.984,14.669,17.065,18.481,19.978,21.077,22.815,24.069,26.192,28.671,31.512,34.058,35.962,38.975,43.425,47.711,51.758,53.805,56.475,59.334,62.76,65.295,65.904,67.582,69.343,70.238,72.336,77.286,79.792,81.341,82.514,85.091,87.71,90.381
Japan,239.432,225.14,215.738,209.572,205.251,201.468,200.675,195.522,190.043,186.729,184.682,183.871,182.77,179.553,176.186,171.664,167.826,165.813,163.924,159.64,154.017,148.99,144.663,139.582,134.404,128.761,123.831,119.722,116.398,114.998,111.495,107.454,104.274,101.303,103.052,103.45,105.503,105.379,102.92,101.754,101.461,96.56,90.392,87.827,86.339,85.023,83.646,82.28
Jordan,0.144,0.142,0.144,0.15,0.147,0.148,0.157,0.152,0.148,0.166,0.18,0.182,0.194,0.195,0.204,0.203,0.207,0.204,0.213,0.21,0.205,0.203,0.199,0.2,0.202,0.199,0.212,0.217,0.256,0.263,0.28,0.291,0.302,0.308,0.319,0.312,0.314,0.3,0.298,0.298,0.294,0.286,0.276,0.275,0.276,0.278,0.279,0.281
Kazakhstan,no data,no data,no data,no data,no data,no data,no data,no data,no data,no data,no data,no data,0.02,0.267,4.244,10.845,14.792,16.888,17.646,19.711,22.633,24.383,25.402,27.835,31.48,35.978,42.423,47.72,56.626,58.905,69.58,82.09,83.832,86.235,92.814,100.35,110.825,121.253,129.327,136.752,140.958,154.483,172.099,182.381,190.712,197.681,203.938,210.718
Kenya,5.685,5.73,5.971,6.375,6.804,7.189,7.726,7.921,8.067,8.542,9.133,9.902,11.274,13.807,15.254,16.664,19.756,21.631,22.418,22.713,23.473,23.384,23.378,24.138,24.956,25.225,24.878,26.189,29.467,32.686,32.827,35.396,37.979,37.668,38.289,39.04,39.385,40.185,40.893,41.892,43.435,43.79,43.002,44.295,45.655,47.172,48.702,50.287
Kiribati,0.694,0.657,0.642,0.672,0.71,0.692,0.688,0.726,0.724,0.704,0.675,0.72,0.749,0.765,0.797,0.787,0.865,0.884,0.944,0.972,0.974,1.011,1.045,1.052,1.042,1.015,0.982,1.015,1.079,1.074,1.07,1.066,1.04,1.025,1.05,1.087,1.145,1.152,1.143,1.101,1.123,1.115,1.091,1.084,1.088,1.092,1.092,1.091
"Korea, Republic of",480.323,511.588,512.934,517.397,521.453,525.615,540.834,553.277,572.501,584.31,620.049,654.589,689.782,715.957,758.177,794.771,812.562,830.767,858.291,835.956,825.789,835.686,847.82,860.094,863.809,846.266,819.103,816.843,824.126,848.428,861.301,854.586,854.887,869.081,871.878,857.368,858.993,871.696,855.47,833.381,836.335,823.024,796.486,802.86,804.482,804.124,804.179,804.273
Kosovo,no data,no data,no data,no data,no data,no data,no data,no data,no data,no data,no data,no data,no data,no data,no data,no data,no data,no data,no data,no data,0.326,0.356,0.363,0.36,0.347,0.332,0.323,0.322,0.309,0.299,0.314,0.327,0.33,0.333,0.34,0.339,0.339,0.34,0.337,0.334,0.335,0.332,0.344,0.352,0.354,0.355,0.355,0.353
Kuwait,0.169,0.172,0.158,0.142,0.137,0.139,0.102,0.11,0.109,0.103,0.101,0.097,0.097,0.087,0.08,0.084,0.096,0.09,0.073,0.086,0.101,0.091,0.094,0.097,0.105,0.124,0.14,0.142,0.165,0.136,0.15,0.172,0.176,0.179,0.179,0.19,0.187,0.177,0.193,0.189,0.161,0.193,0.225,0.199,0.189,0.183,0.178,0.174
Kyrgyz Republic,no data,no data,no data,no data,no data,no data,no data,no data,no data,no data,no data,no data,0.081,0.655,1.802,2.507,3.333,3.909,4.216,5.72,7.112,7.465,7.5,7.647,7.827,8.13,8.628,9.65,11.662,12.056,13.108,15.728,15.303,15.365,16.036,17.146,16.737,16.959,17.184,17.548,18.445,20.511,21.744,23.6,24.924,25.88,26.802,27.547
Lao P.D.R.,11.412,10.341,16.287,27.839,36.145,51.91,71.657,91.672,131.9,209.858,272.325,298.472,318.93,331.472,349.591,409.66,457.778,536.718,508.964,1087.863,1423.911,1567.946,1707.506,1893.872,2041.416,2142.728,2331.862,2420.349,2506.613,2446.412,2532.298,2666.535,2615.523,2712.93,2738.371,2819.729,2759.426,2789.109,2776.273,2791.654,2847.41,2887.576,3100.291,3262.549,3322.865,3361.245,3397.516,3432.766
Latvia,no data,no data,no data,no data,no data,no data,no data,no data,no data,no data,no data,no data,0.111,0.178,0.237,0.267,0.295,0.307,0.318,0.319,0.323,0.323,0.334,0.344,0.359,0.387,0.422,0.493,0.54,0.485,0.478,0.499,0.506,0.499,0.498,0.497,0.485,0.484,0.491,0.495,0.489,0.501,0.533,0.552,0.556,0.558,0.56,0.563
Lebanon,0.841,0.917,1.024,1.057,1.2,1.971,3.776,21.632,53.28,88.302,143.68,210.609,453.016,571.304,603.937,654.28,699.442,740.8,762.447,758.842,727.161,698.214,721.445,719.609,707.895,692.476,677.668,680.5,718.015,786.802,781.958,788.752,808.92,798.526,771.115,764.821,742.686,734.776,757.268,774.428,1232.431,no data,no data,no data,no data,no data,no data,no data
Lesotho,0.547,0.55,0.508,0.537,0.575,0.657,0.736,0.824,0.936,1.024,1.116,1.248,1.376,1.481,1.591,1.74,1.827,1.962,2.115,2.226,2.291,2.467,2.67,2.683,2.777,2.865,2.996,3.258,3.597,3.687,3.877,4.081,4.373,4.393,4.623,4.752,5.012,5.506,5.671,5.879,6.13,6.262,6.314,6.438,6.607,6.8,7.02,7.233
Liberia,no data,no data,no data,no data,no data,no data,no data,no data,no data,no data,no data,no data,no data,no data,no data,no data,no data,no data,no data,no data,0.333,0.332,0.327,0.341,0.402,0.388,0.407,0.425,0.49,0.487,0.504,0.546,0.56,0.539,0.522,0.55,0.518,0.461,0.437,0.416,0.417,0.441,0.441,0.438,0.413,0.407,0.405,0.406
Libya,0.122,0.12,0.111,0.107,0.105,0.1,0.096,0.096,0.093,0.093,0.094,0.084,0.092,0.093,0.094,0.117,0.128,0.14,0.14,0.165,0.182,0.183,0.236,0.257,0.303,0.382,0.456,0.455,0.552,0.412,0.486,0.592,0.677,0.663,0.575,0.49,0.505,0.606,0.613,0.628,0.591,1.197,1.52,1.35,1.269,1.209,1.163,1.122
Lithuania,no data,no data,no data,no data,no data,no data,no data,no data,no data,no data,no data,no data,no data,no data,no data,0.312,0.364,0.399,0.408,0.397,0.393,0.383,0.379,0.368,0.368,0.382,0.395,0.418,0.45,0.432,0.438,0.452,0.453,0.443,0.443,0.446,0.438,0.442,0.447,0.451,0.452,0.462,0.493,0.518,0.529,0.537,0.543,0.546
Luxembourg,0.803,0.795,0.749,0.778,0.795,0.773,0.757,0.74,0.734,0.735,0.726,0.715,0.725,0.751,0.761,0.763,0.772,0.744,0.733,0.761,0.798,0.787,0.786,0.788,0.791,0.804,0.83,0.824,0.862,0.864,0.893,0.905,0.907,0.895,0.884,0.881,0.852,0.844,0.839,0.829,0.854,0.876,0.853,0.859,0.868,0.871,0.872,0.873
Macao SAR,no data,no data,no data,no data,no data,no data,no data,no data,no data,no data,no data,no data,no data,no data,no data,no data,no data,no data,no data,no data,no data,3.507,3.407,3.343,3.318,3.397,3.55,3.76,4.06,4.072,4.216,4.44,4.565,4.644,4.861,5.137,5.118,5.155,5.213,5.245,5.17,4.927,4.657,4.691,4.74,4.759,4.756,4.753
Madagascar,24.789,29.544,36.702,42.195,44.684,47.891,53.75,60.562,73.906,77.53,83.595,87.766,98.311,105.629,143.745,209.833,246.779,253.493,266.238,281.413,307.018,324.024,371.691,358.286,397.614,456.321,490.317,526.531,555.3,589.997,642.562,694.863,742.898,777.659,823.956,886.091,941.011,1013.435,1071.923,1121.767,1156.643,1177.802,1199.187,1254.376,1312.003,1369.918,1421.405,1465.325
Malawi,0.744,0.791,0.817,0.875,0.952,1.005,1.116,1.25,1.56,1.819,1.865,2.172,2.405,3.011,3.78,6.627,9.674,11.19,13.6,18.644,23.986,29.102,35.235,38.128,42.644,45.789,53.288,54.013,59.337,63.617,70.485,78.769,94.331,114.541,146.204,186.615,221.197,251.074,260.246,275.431,289.228,295.8,318.175,353.192,385.078,409.253,427.003,444.214
Malaysia,1.257,1.16,1.12,1.128,1.155,1.1,0.985,1.015,1.016,1.021,1.022,1.039,1.04,1.057,1.075,1.092,1.112,1.131,1.213,1.197,1.276,1.228,1.247,1.264,1.304,1.329,1.34,1.369,1.482,1.385,1.42,1.466,1.454,1.472,1.505,1.568,1.594,1.655,1.626,1.599,1.568,1.591,1.541,1.529,1.538,1.551,1.562,1.574
Maldives,1.947,1.931,1.908,1.877,1.843,1.876,2.006,2.192,2.22,2.271,2.767,3.055,3.371,3.665,3.897,4.401,4.483,4.94,4.729,4.744,4.691,4.618,4.626,4.595,4.921,5.209,5.425,5.817,6.338,7.009,7.125,7.862,8.154,8.246,8.174,8.278,8.129,8.161,8.221,7.99,7.923,7.737,7.532,7.59,7.582,7.593,7.6,7.605
Mali,111.754,112.411,127.993,133.716,144.314,140.255,138.751,133.576,128.27,124.418,125.068,118.224,113.277,114.084,158.63,177.558,170.838,171.653,173.928,174.471,169.548,173.57,176.91,160.311,161.738,168.585,171.138,174.225,183.385,190.896,196.677,216.09,225.379,219.312,218.683,218.571,211.357,214.509,212.563,212.841,211.443,207.984,203.778,202.671,203.468,203.751,203.943,204.073
Malta,0.524,0.509,0.483,0.464,0.448,0.436,0.449,0.454,0.447,0.443,0.446,0.451,0.447,0.45,0.461,0.466,0.458,0.465,0.474,0.483,0.553,0.565,0.571,0.571,0.568,0.561,0.556,0.554,0.561,0.569,0.58,0.574,0.58,0.577,0.586,0.6,0.583,0.578,0.577,0.58,0.582,0.569,0.553,0.551,0.547,0.546,0.546,0.545
Marshall Islands,no data,no data,no data,no data,no data,no data,no data,no data,no data,no data,no data,no data,no data,no data,no data,no data,no data,1.077,1.098,1.11,1.062,1.037,1.062,1.051,1.039,1.014,1.021,1.008,1.082,1.033,1.023,1.083,1.14,1.104,1.079,1.062,1.136,1.135,1.125,1.1,1.144,1.138,1.106,1.091,1.091,1.093,1.094,1.094
Mauritania,no data,no data,no data,no data,no data,no data,no data,no data,no data,no data,2.532,2.852,3.066,3.351,3.645,3.672,3.673,4.047,4.74,4.897,5.093,5.271,5.538,5.675,6.131,6.812,7.539,7.993,8.683,8.597,10.393,11.968,12.154,12.042,11.821,11.781,11.522,11.126,11.361,11.751,12.38,13.38,12.206,11.98,12.9,13.082,12.956,12.971
Mauritius,4.883,4.653,4.848,5.298,5.324,5.472,5.735,6.174,6.757,7.258,7.63,8.188,8.415,9.143,9.71,10.083,10.008,10.257,11.005,11.722,11.854,12.331,12.896,13.35,13.895,14.049,14.542,15.336,15.903,15.699,15.687,15.853,16.459,16.56,16.818,16.882,16.622,16.882,16.727,16.516,16.537,16.519,16.249,16.741,17.147,17.364,17.485,17.523
Mexico,0.013,0.015,0.023,0.041,0.063,0.097,0.161,0.382,0.739,0.902,1.114,1.33,1.493,1.773,1.889,2.562,3.184,3.717,4.242,4.857,5.279,5.475,5.687,5.802,6.101,6.263,6.463,6.658,6.936,7.163,7.4,7.673,7.859,7.884,8.045,8.326,8.446,8.871,9.093,9.301,9.575,9.856,9.878,9.989,10.148,10.277,10.392,10.499
"Micronesia, Fed. States of",no data,no data,no data,no data,no data,no data,no data,no data,no data,no data,no data,no data,no data,no data,no data,1.019,1.018,1.007,1.027,1.003,0.991,0.981,0.966,0.944,0.929,0.919,0.904,0.91,0.935,0.98,1.003,0.998,1.05,1.038,1.05,0.985,1.015,1.07,1.143,1.148,1.145,1.122,1.108,1.102,1.1,1.099,1.1,1.101
Moldova,no data,no data,no data,no data,no data,no data,no data,no data,no data,no data,no data,0.001,0.015,0.138,0.507,0.689,0.865,0.958,1.036,1.429,1.815,1.95,2.109,2.375,2.498,2.648,2.914,3.288,3.525,3.578,4.713,4.996,5.01,4.989,5.293,5.556,5.409,5.572,5.616,5.81,6.062,6.186,6.641,6.945,7.176,7.433,7.695,7.964
Mongolia,2.732,2.532,2.432,2.363,2.21,2.112,1.88,1.848,1.801,1.733,1.67,3.215,8.603,35.204,56.637,88.91,96.747,115.719,112.221,122.703,134.383,142.815,148.822,160.352,184.225,216.027,256.566,282.688,340.24,347.065,473.085,533.527,577.66,630.68,683.767,717.072,729.223,791.436,834.504,901.594,923.88,1014.931,1064.792,1137.455,1217.152,1285.398,1348.975,1408.977
Montenegro,no data,no data,no data,no data,no data,no data,no data,no data,no data,no data,no data,no data,no data,no data,no data,no data,no data,no data,no data,no data,0.209,0.248,0.251,0.266,0.278,0.282,0.301,0.34,0.359,0.365,0.367,0.364,0.37,0.364,0.362,0.36,0.349,0.351,0.353,0.354,0.349,0.351,0.358,0.379,0.388,0.39,0.39,0.39
Morocco,2.987,2.994,3.024,3.123,3.273,3.44,3.72,3.773,3.838,3.839,3.904,3.98,4.07,4.096,4.037,4.252,4.194,4.152,4.122,4.088,3.968,3.905,3.892,3.857,3.802,3.73,3.675,3.707,3.802,3.783,3.775,3.672,3.75,3.794,4.034,3.996,3.994,4.023,3.966,3.929,3.888,3.854,3.821,3.842,3.846,3.852,3.856,3.859
Mozambique,0.066,0.045,0.05,0.054,0.062,0.08,0.088,0.242,0.346,0.491,0.884,1.271,1.687,2.372,3.48,5.166,7.594,8.263,8.657,9.336,10.178,11.524,12.487,12.777,13.254,13.775,14.415,15.094,15.593,15.659,16.71,16.894,18.019,18.426,18.551,18.264,19.834,22.856,22.992,23.73,24.245,23.891,23.907,24.904,26.349,27.767,29.054,30.07
Myanmar,no data,no data,no data,no data,no data,no data,no data,no data,no data,no data,no data,no data,no data,no data,no data,no data,no data,no data,44.181,55.944,60.736,67.937,91.498,115.282,122.557,133.107,155.422,185.524,213.946,231.537,243.952,261.784,267.496,278.559,294.007,318.979,347.071,366.713,377.662,394.27,412.853,413.99,451.676,496.03,525.798,558.664,593.321,629.352
Namibia,no data,no data,no data,no data,no data,no data,no data,no data,no data,no data,1.212,1.313,1.408,1.534,1.775,1.905,2.15,2.261,2.423,2.549,2.816,3.028,3.244,3.238,3.383,3.393,3.546,3.931,4.278,4.547,4.653,4.732,5.212,5.4,5.666,5.932,6.414,7.021,7.16,7.1,7.333,7.163,7.175,7.32,7.503,7.695,7.877,8.065
Nauru,no data,no data,no data,no data,no data,no data,no data,no data,no data,no data,no data,no data,no data,no data,no data,no data,no data,no data,no data,no data,no data,no data,no data,no data,1.274,1.155,0.963,0.903,1.052,1.372,1.101,1.209,1.522,1.161,1.068,0.932,1.18,1.296,1.318,1.328,1.341,1.327,1.27,1.234,1.206,1.181,1.16,1.137
Nepal,4.039,3.983,3.938,4.557,4.742,5.185,5.815,6.395,6.907,7.394,7.891,8.591,9.952,10.77,11.052,11.507,12.183,12.822,13.21,14.175,14.492,14.541,14.881,15.041,15.259,15.7,16.351,17.131,17.754,20.447,23.264,25.255,26.004,26.8,28.153,29.943,31.999,31.235,31.835,32.743,33.394,33.829,33.559,34.893,36.574,38.079,39.367,40.705
Netherlands,1.058,1.019,1.011,0.994,0.973,0.96,0.942,0.916,0.883,0.861,0.843,0.841,0.843,0.836,0.836,0.833,0.826,0.834,0.841,0.84,0.85,0.866,0.885,0.886,0.874,0.864,0.86,0.854,0.858,0.854,0.852,0.836,0.824,0.798,0.809,0.81,0.796,0.778,0.779,0.788,0.794,0.782,0.764,0.777,0.788,0.791,0.792,0.792
New Zealand,0.81,0.838,0.879,0.921,0.957,1.072,1.195,1.358,1.449,1.476,1.481,1.424,1.421,1.413,1.41,1.401,1.401,1.389,1.396,1.383,1.38,1.405,1.398,1.392,1.399,1.382,1.369,1.397,1.42,1.446,1.475,1.486,1.496,1.446,1.441,1.475,1.441,1.453,1.449,1.465,1.495,1.466,1.438,1.457,1.479,1.507,1.529,1.548
Nicaragua,0,0,0,0,0,0,0,0,0,0.001,0.064,1.872,2.26,2.66,2.756,3.06,3.294,3.555,4.008,4.317,4.583,4.807,4.887,5.048,5.361,5.711,5.996,6.403,7.3,7.691,8.067,8.71,9.362,9.715,10.16,10.554,10.594,10.807,10.835,11.231,11.707,11.614,11.921,12.32,12.549,12.813,13.014,13.213
Niger,183.114,186.525,193.237,200.46,216.114,197.13,185.123,183.726,168.062,163.984,155.54,146.706,136.025,127.787,152.971,156.19,164.041,172.548,181.091,179.218,180.818,185.758,187.624,183.548,179.421,188.963,186.078,193.952,209.636,216.961,221.889,226.128,233.427,242.084,244,249.921,257.019,258.46,258.561,254.33,253.493,251.782,241.312,237.491,237.248,237.543,237.758,237.928
Nigeria,no data,no data,no data,no data,no data,no data,no data,no data,no data,no data,2.872,3.333,4.867,6.478,8.857,13.986,17.229,17.91,19.286,21.881,26.352,28.493,34.105,35.85,41.165,47.956,56.101,58.594,63.647,66.01,73.43,78.777,86.826,90.261,92.782,96.832,105.374,115.978,124.858,135.402,144.291,152.569,162.331,173.337,187.059,202.229,218.391,235.48
North Macedonia ,no data,no data,no data,no data,no data,no data,no data,no data,no data,no data,no data,no data,1.072,5.681,14.017,16.073,16.234,16.592,16.636,16.863,17.834,18.264,18.153,18.096,17.594,17.894,17.923,18.252,18.892,18.828,18.984,19.29,19.003,19.105,18.996,19.435,18.961,19.043,19.329,19.154,19.088,19.437,20.056,20.658,20.84,20.972,21.102,21.176
Norway,5.255,5.419,5.64,5.806,5.951,6.069,5.916,6.19,6.271,6.373,6.377,6.305,6.125,6.12,5.983,6.039,6.183,6.248,6.136,6.454,7.282,7.241,7.013,7.074,7.292,7.689,8.112,8.132,8.81,8.297,8.688,9.083,9.037,9.029,9.278,9.93,10.043,9.922,10.335,10.105,9.625,10.804,11.38,10.785,10.569,10.43,10.298,10.184
Oman,0.186,0.177,0.157,0.136,0.127,0.12,0.101,0.108,0.096,0.101,0.111,0.099,0.098,0.09,0.088,0.088,0.093,0.089,0.076,0.083,0.095,0.089,0.091,0.098,0.108,0.127,0.141,0.149,0.193,0.144,0.163,0.185,0.189,0.191,0.199,0.198,0.194,0.2,0.218,0.209,0.179,0.194,0.22,0.207,0.199,0.192,0.187,0.183
Pakistan,4.365,4.441,4.531,4.59,4.909,4.923,4.945,5.074,5.432,5.678,5.861,6.406,6.902,7.303,8.024,8.941,9.359,10.361,10.917,11.339,11.429,12.061,12.182,12.49,13.093,13.425,14.435,14.977,16.114,19.797,21.478,24.962,26.635,28.522,30.403,31.468,32.378,33.589,34.084,36.29,39.292,41.871,44.265,51.627,55.712,58.95,61.585,64.293
Palau,no data,no data,no data,no data,no data,no data,no data,no data,no data,no data,no data,no data,no data,no data,no data,no data,no data,no data,no data,no data,0.968,0.892,0.882,0.84,0.845,0.887,0.89,0.871,0.911,0.908,0.908,0.898,0.952,0.997,1.012,1.104,1.129,1.098,1.069,1.024,1.003,0.962,0.958,0.993,1.01,1.015,1.008,0.995
Panama,0.587,0.555,0.549,0.567,0.557,0.544,0.535,0.534,0.515,0.489,0.474,0.461,0.473,0.479,0.486,0.478,0.516,0.515,0.514,0.511,0.494,0.488,0.488,0.484,0.481,0.474,0.47,0.471,0.497,0.526,0.533,0.553,0.574,0.571,0.559,0.538,0.515,0.497,0.489,0.481,0.467,0.458,0.445,0.444,0.445,0.446,0.446,0.447
Papua New Guinea,0.862,0.766,0.745,0.782,0.755,0.732,0.717,0.7,0.872,0.818,0.822,0.851,0.856,0.85,0.856,0.973,0.983,1.075,1.119,1.226,1.356,1.417,1.555,1.601,1.604,1.678,1.781,1.783,1.953,1.846,2.005,2.138,2.087,2.124,2.199,2.15,2.182,2.307,2.473,2.456,2.56,2.691,2.776,2.713,2.689,2.679,2.708,2.74
Paraguay,46.352,49.443,49.489,54.498,66.314,80.694,104.19,132.731,160.373,202.919,265.138,380.308,424.2,465.016,512.536,557.615,610.131,620.247,713.065,778.255,872.612,972.311,1129.235,1275.083,1388.711,1520.894,1606.025,1761.355,1939.483,1997.433,2065.6,2126.67,2288.408,2309.777,2383.451,2453.16,2507.4,2534.377,2523.768,2554.09,2580.55,2617.46,2701.538,2718.153,2748.81,2842.68,2906.855,2976.032
Peru,0,0,0,0,0,0,0,0,0,0.001,0.072,0.337,0.555,0.797,0.967,1.076,1.163,1.229,1.286,1.305,1.326,1.311,1.298,1.311,1.349,1.334,1.408,1.411,1.407,1.43,1.497,1.543,1.599,1.616,1.646,1.714,1.743,1.749,1.742,1.741,1.794,1.848,1.834,1.815,1.819,1.824,1.826,1.829
Philippines,3.025,3.087,3.161,3.474,5.141,5.862,5.916,6.207,6.573,6.897,7.491,8.434,8.896,9.282,10.002,10.546,11.152,11.649,12.719,13.336,13.799,14.254,14.629,14.804,15.266,15.676,15.985,16.056,16.885,17.237,17.777,18.098,18.069,18.426,18.876,19.001,18.949,19.385,19.641,19.43,19.516,19.167,18.777,18.783,18.873,18.989,19.098,19.201
Poland,0.001,0.002,0.003,0.004,0.004,0.005,0.006,0.007,0.012,0.036,0.232,0.348,0.474,0.602,0.805,1.057,1.224,1.37,1.505,1.573,1.65,1.67,1.685,1.665,1.702,1.692,1.67,1.686,1.719,1.773,1.781,1.801,1.796,1.762,1.767,1.765,1.733,1.737,1.717,1.741,1.794,1.824,1.932,2.127,2.179,2.218,2.24,2.256
Portugal,0.137,0.148,0.165,0.201,0.241,0.282,0.327,0.349,0.382,0.407,0.437,0.469,0.499,0.514,0.537,0.556,0.559,0.571,0.586,0.598,0.604,0.613,0.629,0.638,0.636,0.637,0.638,0.639,0.638,0.641,0.638,0.623,0.605,0.584,0.579,0.585,0.571,0.575,0.572,0.572,0.576,0.556,0.56,0.566,0.57,0.574,0.576,0.577
Puerto Rico,0.651,0.65,0.664,0.655,0.653,0.657,0.645,0.652,0.648,0.642,0.645,0.644,0.646,0.643,0.649,0.653,0.667,0.664,0.692,0.699,0.706,0.712,0.715,0.716,0.724,0.748,0.766,0.774,0.809,0.844,0.855,0.857,0.858,0.86,0.86,0.875,0.892,0.905,0.936,0.906,0.915,0.9,0.877,0.877,0.879,0.884,0.889,0.892
Qatar,1.17,1.225,1.102,0.954,0.823,0.858,0.64,0.652,0.577,0.557,0.876,0.766,0.776,0.696,0.685,0.771,0.822,0.813,0.62,0.782,1.148,1.04,1.058,1.224,1.293,1.693,1.684,1.798,2.226,1.532,1.745,2.153,2.186,2.24,2.365,2.468,2.504,2.346,2.576,2.418,2.028,2.385,2.654,2.645,2.534,2.457,2.444,2.405
Romania,0.001,0.001,0.001,0.001,0.001,0,0,0,0,0,0,0.001,0.004,0.013,0.03,0.04,0.057,0.14,0.214,0.312,0.435,0.587,0.709,0.856,0.963,1.046,1.122,1.265,1.44,1.49,1.525,1.55,1.564,1.606,1.628,1.662,1.597,1.604,1.664,1.746,1.792,1.814,1.921,1.927,1.963,1.995,2.011,2.025
Russian Federation,no data,no data,no data,no data,no data,no data,no data,no data,no data,no data,0,0.001,0.013,0.123,0.49,1.171,1.676,1.896,2.224,3.782,5.09,5.798,6.601,7.354,8.614,9.965,11.133,12.336,14.278,14.47,16.327,18.444,19.568,19.506,20.999,23.563,24.195,24.05,25.838,26.212,26.07,29.152,32.113,32.875,32.873,33.062,33.578,34.145
Rwanda,65.784,66.577,68.582,67.563,64.58,65.473,59.643,58.924,58.268,64.953,61.574,69.556,72.46,82.044,85.705,130.199,145.201,164.892,166.781,159.555,161.155,156.987,146.456,172.845,187.076,197.748,196.589,216.063,242.664,258.393,263.495,276.649,299.239,302.895,297.072,299.615,311.476,325.126,315.602,317.725,335.066,330.529,337.151,353.879,365.649,378.536,390.137,402.033
Saint Kitts and Nevis,1.202,1.278,1.295,1.254,1.287,1.306,1.383,1.426,1.48,1.495,1.545,1.451,1.522,1.538,1.597,1.628,1.611,1.661,1.695,1.707,1.648,1.665,1.697,1.692,1.711,1.632,1.807,1.871,1.863,1.907,1.895,1.961,2.016,2.034,2.035,2.035,2.038,2.04,1.973,1.997,1.933,1.864,1.859,1.844,1.846,1.844,1.846,1.848
Saint Lucia,1.62,1.607,1.398,1.391,1.586,1.544,1.582,1.64,1.592,1.592,1.663,1.696,1.688,1.665,1.672,1.721,1.698,1.717,1.739,1.755,1.736,1.681,1.663,1.716,1.683,1.744,1.779,1.784,1.789,1.777,1.85,1.83,1.876,1.877,1.931,2.011,1.958,1.996,1.952,1.965,1.858,1.774,1.77,1.763,1.773,1.784,1.795,1.805
Saint Vincent and the Grenadines,1.26,1.373,1.405,1.408,1.425,1.429,1.468,1.553,1.516,1.511,1.555,1.56,1.554,1.509,1.512,1.514,1.543,1.534,1.56,1.575,1.535,1.595,1.581,1.525,1.546,1.546,1.561,1.636,1.641,1.609,1.675,1.636,1.65,1.643,1.596,1.605,1.533,1.59,1.573,1.584,1.584,1.527,1.462,1.471,1.469,1.471,1.472,1.473
Samoa,0.599,0.636,0.724,0.821,0.917,0.966,0.957,0.973,0.999,1.014,1.37,1.365,1.442,1.483,1.072,1.473,1.432,1.577,1.696,1.68,1.676,1.695,1.693,1.703,1.776,1.79,1.828,1.914,2.049,2.07,1.958,1.9,1.94,1.952,1.932,1.989,2.014,1.982,1.957,1.952,1.952,1.866,1.829,1.824,1.831,1.839,1.846,1.853
San Marino,no data,no data,no data,no data,no data,no data,no data,no data,no data,no data,no data,no data,no data,no data,no data,no data,no data,0.747,0.752,0.754,0.756,0.76,0.765,0.769,0.764,0.753,0.745,0.711,0.717,0.718,0.722,0.71,0.715,0.726,0.69,0.691,0.689,0.683,0.681,0.675,0.669,0.648,0.626,0.618,0.618,0.618,0.617,0.616
Saudi Arabia,1.309,1.336,1.338,1.303,1.246,1.195,0.857,0.892,0.785,0.82,0.847,0.8,0.78,0.749,0.742,0.769,0.814,0.828,0.705,0.796,0.863,0.83,0.866,0.869,0.94,1.095,1.185,1.252,1.445,1.21,1.402,1.586,1.65,1.666,1.646,1.591,1.639,1.649,1.863,1.795,1.62,1.785,1.878,1.724,1.674,1.641,1.614,1.592
Senegal,151.808,153.94,159.143,167.349,174.103,183.942,190.657,183.096,174.378,170.344,164.17,157.649,152.704,148.591,193.464,203.849,210.571,214.146,219.644,220.306,218.245,228.366,229.144,222.635,216.522,219.85,219.423,227.726,241.8,236.202,237.141,241.276,245.6,247.212,243.618,242.595,244.658,246.787,239.005,239.704,240.367,236.371,235.103,234.08,234.49,234.68,234.71,234.572
Serbia,no data,no data,no data,no data,no data,no data,no data,no data,no data,no data,no data,no data,no data,no data,no data,no data,no data,3.062,3.797,4.989,8.712,16.124,18.741,20.692,21.982,24.62,26.834,28.401,30.399,32.588,34.045,36.324,37.982,39.323,39.802,40.726,40.459,40.795,40.63,40.891,41.393,42.163,42.387,44.935,46.617,47.848,48.874,49.692
Seychelles,3.42,3.354,3.213,3.191,3.176,3.149,3.264,3.302,3.315,3.258,3.34,3.165,3.239,3.26,3.276,3.143,2.898,2.874,3.138,3.158,3.127,3.246,3.312,3.441,4.178,4.069,4.004,4.36,5.77,7.309,6.894,6.884,7.625,7.959,7.844,8.157,7.815,7.969,7.994,7.91,7.96,7.847,7.641,7.605,7.677,7.76,7.832,7.871
Sierra Leone,0.643,0.683,0.759,0.982,1.435,2.577,5.968,10.483,15.534,24.068,31.788,78.249,124.826,156.569,181.621,243.012,418.353,480.332,603.457,744.017,771.996,712.9,674.426,748.208,822.007,929.54,1012.854,1053.219,1136.653,1217.275,1409.382,1620.575,1750.438,1778.18,1808.755,1881.811,1975.344,2244.995,2500.065,2645.304,2899.115,2969.71,3327.591,3854.288,4433.221,4953.323,5410.903,5792.294
Singapore,1.131,1.093,1.077,1.069,1.04,0.993,0.961,0.943,0.96,0.963,0.971,0.981,0.973,0.983,0.996,1.006,1.003,0.997,0.973,0.925,0.939,0.902,0.88,0.848,0.858,0.848,0.838,0.864,0.836,0.855,0.854,0.847,0.846,0.859,0.864,0.88,0.878,0.886,0.896,0.877,0.841,0.84,0.83,0.825,0.824,0.821,0.818,0.814
Slovak Republic,no data,no data,no data,no data,no data,no data,no data,no data,no data,no data,no data,no data,no data,0.318,0.353,0.376,0.385,0.402,0.417,0.441,0.472,0.485,0.497,0.513,0.528,0.525,0.524,0.516,0.521,0.512,0.508,0.506,0.505,0.491,0.485,0.491,0.503,0.503,0.501,0.504,0.51,0.502,0.504,0.536,0.548,0.552,0.554,0.554
Slovenia,no data,no data,no data,no data,no data,no data,no data,no data,no data,no data,no data,no data,0.289,0.332,0.358,0.393,0.429,0.457,0.486,0.51,0.527,0.56,0.593,0.614,0.618,0.609,0.603,0.612,0.627,0.645,0.63,0.624,0.607,0.59,0.591,0.595,0.577,0.568,0.566,0.569,0.569,0.561,0.558,0.573,0.584,0.59,0.594,0.596
Solomon Islands,0.681,0.703,0.749,0.771,0.825,0.875,0.901,0.981,1.107,1.102,1.424,1.477,1.634,1.868,2.34,2.511,2.763,2.947,3.239,3.439,3.55,3.815,4.181,4.356,4.472,4.959,5.236,5.652,5.983,6.343,6.646,7.131,7.504,7.548,7.682,7.861,7.81,7.862,8.282,8.237,8.031,8.029,7.762,7.766,7.911,8.053,8.196,8.318
Somalia,no data,no data,no data,no data,no data,no data,no data,no data,no data,no data,no data,no data,no data,no data,no data,no data,no data,no data,no data,no data,no data,no data,no data,no data,no data,no data,no data,no data,no data,no data,no data,0.267,0.356,0.432,0.402,0.357,0.343,0.356,0.35,0.371,0.39,0.404,0.408,0.409,0.42,0.433,0.445,0.456
South Africa,0.469,0.477,0.515,0.58,0.622,0.7,0.801,0.897,1,1.127,1.254,1.403,1.574,1.743,1.874,2.034,2.158,2.294,2.452,2.584,2.759,2.909,3.223,3.363,3.473,3.556,3.658,3.856,4.08,4.406,4.62,4.777,5.108,5.296,5.572,5.825,6.159,6.427,6.512,6.694,6.991,7.129,6.975,6.982,7.151,7.343,7.541,7.741
"South Sudan, Republic of",no data,no data,no data,no data,no data,no data,no data,no data,no data,no data,no data,no data,no data,no data,no data,no data,no data,no data,no data,no data,no data,no data,no data,no data,no data,no data,no data,no data,no data,no data,no data,1.593,2.291,2.501,2.609,3.268,13.07,35.505,58.895,73.031,102.217,133.787,181.083,352.573,436.389,461.45,468.397,479.699
Spain,0.337,0.352,0.376,0.407,0.433,0.457,0.493,0.509,0.518,0.532,0.55,0.57,0.595,0.614,0.623,0.631,0.641,0.645,0.654,0.661,0.669,0.681,0.698,0.712,0.72,0.727,0.733,0.738,0.74,0.737,0.729,0.714,0.695,0.675,0.662,0.665,0.643,0.63,0.623,0.62,0.619,0.608,0.593,0.597,0.603,0.605,0.605,0.604
Sri Lanka,4.563,4.792,5.007,5.715,6.535,6.374,6.622,6.982,7.41,7.913,9.178,10.315,11.892,12.696,13.337,14.205,14.306,14.778,16.99,17.693,18.146,20.254,21.61,22.283,23.61,25.278,27.286,30.295,34.578,36.379,38.57,39.289,41.447,42.939,44.298,45.183,46.283,49.39,50.31,51.339,52.318,54.278,74.816,94.569,100.016,103.955,107.301,110.48
Sudan,0,0,0,0,0,0,0.001,0.001,0.001,0.002,0.003,0.004,0.007,0.017,0.033,0.068,0.17,0.243,0.302,0.352,0.397,0.421,0.46,0.495,0.566,0.647,0.676,0.759,0.811,0.821,0.995,1.231,1.639,2.207,2.621,2.968,3.373,4.619,7.094,10.654,27.821,76.892,155.649,264.565,348.912,415.152,447.237,473.929
Suriname,0.001,0.001,0.001,0.001,0.001,0.001,0.001,0.001,0.001,0.001,0.002,0.003,0.003,0.008,0.045,0.151,0.15,0.148,0.172,0.292,0.47,0.621,0.802,0.963,1.062,1.174,1.271,1.317,1.493,1.579,1.673,1.866,1.924,1.845,1.811,1.82,2.429,2.578,2.661,2.729,3.907,5.701,7.456,8.749,9.588,10.277,10.8,11.128
Sweden,6.778,6.473,6.581,6.959,7.236,7.459,7.768,7.944,8.187,8.498,8.953,9.371,9.267,9.266,9.307,9.463,9.387,9.368,9.339,9.292,9.223,9.244,9.243,9.218,9.007,8.793,8.68,8.69,8.803,8.953,8.931,8.844,8.655,8.598,8.727,8.852,8.823,8.719,8.72,8.785,8.854,8.753,8.73,9.164,9.29,9.33,9.339,9.345
Switzerland,1.799,1.736,1.755,1.73,1.732,1.717,1.735,1.73,1.717,1.71,1.724,1.758,1.755,1.754,1.738,1.715,1.689,1.652,1.631,1.609,1.594,1.574,1.547,1.534,1.499,1.467,1.453,1.448,1.442,1.439,1.427,1.397,1.354,1.312,1.282,1.235,1.202,1.18,1.161,1.14,1.118,1.084,1.039,1.017,1.01,1.006,1.002,0.997
Syria,2.71,2.928,2.811,2.837,3.01,3.004,3.713,4.573,5.709,6.566,7.367,7.473,7.695,7.792,8.842,9.268,10.695,11.472,11.394,12.018,13.284,13.364,13.754,13.227,14.212,15.426,16.326,17.608,20.033,19.351,20.474,no data,no data,no data,no data,no data,no data,no data,no data,no data,no data,no data,no data,no data,no data,no data,no data,no data
SÃ£o TomÃ© and PrÃ­ncipe,0.021,0.024,0.022,0.022,0.024,0.023,0.029,0.041,0.052,0.07,0.096,0.117,0.16,0.273,0.466,0.685,1.341,1.833,2.103,2.238,2.406,2.377,2.62,2.966,3.223,3.726,4.161,4.629,5.925,6.333,7.038,7.431,8.652,8.767,8.624,9.186,9.739,10.055,10.076,10.589,11.043,10.886,10.766,10.762,10.88,11.041,11.299,11.614
Taiwan Province of China,24.722,24.999,24.127,23.839,23.305,22.596,23.236,22.684,21.926,21.643,21.933,21.955,22.155,22.395,22.302,22.362,22.474,22.58,23.055,22.297,21.604,20.995,20.589,19.906,19.241,18.375,17.603,17.051,16.288,16.205,15.807,15.151,15.081,15.042,15.25,15.476,15.776,15.73,15.272,14.981,14.995,14.814,14.911,14.334,14.122,14.149,14.2,14.255
Tajikistan,no data,no data,no data,no data,no data,no data,no data,no data,no data,no data,no data,no data,0,0.001,0.003,0.012,0.06,0.119,0.181,0.226,0.274,0.338,0.406,0.513,0.585,0.622,0.726,0.904,1.132,1.268,1.409,1.565,1.67,1.649,1.651,1.914,2.03,2.231,2.233,2.274,2.284,2.367,2.362,2.416,2.506,2.595,2.687,2.781
Tanzania,8.534,9.275,10.503,11.413,12.555,14.842,17.999,22.421,31.886,36.991,43.661,54.106,66.324,80.637,103.559,128.679,150.77,178.925,227.685,246.142,258.914,266.644,281.191,299.049,311.683,321.626,363.389,374.828,426.393,462.923,499.72,546.073,649.705,706.309,759.031,803.812,848.68,885.083,878.093,874.448,875.261,875.553,853.892,872.605,897.108,919.967,943.818,968.479
Thailand,9.165,9.074,8.978,8.955,8.768,8.684,8.654,8.844,9.048,9.239,9.414,9.588,9.752,9.744,9.986,10.343,10.573,10.853,11.598,11.142,11.04,11.004,11.018,11.037,11.132,11.344,11.566,11.54,11.904,11.851,12.188,12.387,12.25,12.301,12.488,12.641,12.731,12.845,12.724,12.625,12.31,12.044,11.71,11.438,11.083,11.291,11.317,11.725
Timor-Leste,no data,no data,no data,no data,no data,no data,no data,no data,no data,no data,no data,no data,no data,no data,no data,no data,no data,no data,no data,no data,0.332,0.363,0.377,0.395,0.344,0.34,0.337,0.356,0.375,0.379,0.416,0.455,0.437,0.487,0.453,0.458,0.432,0.409,0.394,0.419,0.348,0.412,0.459,0.422,0.429,0.438,0.447,0.456
Togo,155.27,156.852,156.408,175.36,168.323,169.587,173.87,177.301,171.535,166.648,155.938,155.374,154.434,146.926,191.923,186.425,213.298,234.725,227.274,228.619,221.455,220.12,227.64,216.771,207.075,212.595,205.187,209.735,230.035,232.187,230.879,228.625,237.899,240.651,238.234,241.552,243.553,239.722,237.278,236.7,236.868,231.547,223.312,219.77,219.558,219.863,220.071,220.211
Tonga,0.936,0.825,0.778,0.781,0.567,0.611,0.653,0.716,0.767,0.79,0.791,0.847,0.925,0.971,0.96,0.894,0.904,0.888,0.902,0.949,0.954,0.98,1.038,1.134,1.196,1.252,1.437,1.462,1.499,1.564,1.665,1.639,1.676,1.608,1.579,1.646,1.679,1.74,1.787,1.89,1.79,1.685,1.707,1.746,1.782,1.801,1.813,1.821
Trinidad and Tobago,2.012,1.971,2.082,2.13,2.18,2.139,2.071,2.119,2.132,2.198,2.447,2.405,2.188,2.28,2.58,2.632,2.633,2.496,2.423,2.492,2.73,2.752,2.588,2.814,3.002,3.3,3.231,3.568,4.329,3.147,3.496,3.95,4.097,4.317,4.375,4.24,4.107,4.162,4.202,4.137,3.95,4.289,4.705,4.391,4.194,4.154,4.132,4.092
Tunisia,0.268,0.273,0.298,0.325,0.334,0.336,0.341,0.35,0.364,0.377,0.401,0.414,0.428,0.435,0.443,0.455,0.466,0.48,0.49,0.499,0.506,0.514,0.518,0.522,0.525,0.53,0.534,0.531,0.554,0.567,0.582,0.596,0.635,0.671,0.7,0.742,0.767,0.794,0.838,0.881,0.93,0.946,0.952,0.999,1.056,1.107,1.145,1.178
Turkmenistan,no data,no data,no data,no data,no data,no data,no data,no data,no data,no data,no data,no data,0,0,0.002,0.017,0.217,0.345,0.403,0.489,0.525,0.589,0.628,0.691,0.729,0.756,0.824,0.876,1.373,1.497,1.296,1.426,1.578,1.634,1.682,1.645,1.613,1.623,1.65,1.825,1.866,2.003,2.212,2.31,2.402,2.522,2.656,2.798
Tuvalu,no data,no data,no data,no data,no data,no data,no data,no data,no data,no data,no data,no data,no data,no data,no data,no data,no data,no data,no data,no data,1.108,1.147,1.168,1.18,1.207,1.169,1.207,1.163,1.182,1.18,1.183,1.173,1.158,1.172,1.208,1.248,1.339,1.352,1.417,1.48,1.479,1.459,1.44,1.447,1.468,1.494,1.514,1.532
"TÃ¼rkiye, Republic of",0,0,0,0,0,0,0,0,0.001,0.001,0.001,0.002,0.003,0.005,0.011,0.02,0.036,0.063,0.11,0.168,0.245,0.366,0.496,0.6,0.657,0.682,0.724,0.748,0.823,0.862,0.911,0.966,1.02,1.07,1.105,1.162,1.241,1.373,1.562,1.747,1.982,2.433,4.234,6.327,7.884,9.175,10.487,11.951
Uganda,0.379,0.54,0.761,1.027,2.009,4.075,8.425,23.157,64.838,134.376,186.958,213.419,284.799,325.069,350.58,372.648,382.518,405.625,423.956,431.745,455.215,441.42,447.003,467.121,488.373,490.747,516.84,545.089,618.941,722.193,729.035,856.168,1003.277,1042.081,1073.747,1125.471,1211.94,1270.608,1308.91,1314.489,1332.495,1296.351,1298.228,1329.588,1377.479,1419.326,1462.327,1509.013
Ukraine,no data,no data,no data,no data,no data,no data,no data,no data,no data,no data,no data,no data,0,0.005,0.054,0.275,0.448,0.52,0.576,0.724,0.871,0.906,0.939,0.996,1.119,1.346,1.499,1.793,2.271,2.54,2.853,3.192,3.297,3.013,3.435,4.566,5.014,5.916,6.664,7.087,7.724,9.278,no data,no data,no data,no data,no data,no data
United Arab Emirates,1.665,1.553,1.465,1.364,1.249,1.219,1.173,1.194,1.204,1.155,1.161,1.116,1.109,1.11,1.088,1.107,1.152,1.119,1.058,1.136,1.239,1.19,1.215,1.24,1.31,1.48,1.608,1.761,2.048,1.726,1.918,2.127,2.178,2.213,2.183,2.188,2.19,2.222,2.348,2.204,1.968,2.129,2.271,2.168,2.12,2.087,2.061,2.041
United Kingdom,0.507,0.521,0.53,0.538,0.546,0.558,0.572,0.588,0.603,0.627,0.654,0.675,0.682,0.685,0.681,0.684,0.7,0.686,0.689,0.688,0.684,0.682,0.685,0.69,0.69,0.69,0.688,0.689,0.697,0.705,0.706,0.706,0.702,0.695,0.698,0.692,0.689,0.682,0.68,0.681,0.707,0.681,0.674,0.707,0.719,0.719,0.72,0.72
United States,1,1,1,1,1,1,1,1,1,1,1,1,1,1,1,1,1,1,1,1,1,1,1,1,1,1,1,1,1,1,1,1,1,1,1,1,1,1,1,1,1,1,1,1,1,1,1,1
Uruguay,0.007,0.009,0.01,0.014,0.02,0.035,0.059,0.102,0.16,0.271,0.586,1.137,1.775,2.564,3.488,4.819,5.983,7.016,7.797,8.021,8.121,8.325,9.232,10.55,11.313,11.043,11.413,12.159,12.887,13.797,14.302,15.274,16.938,18.173,19.473,21.105,22.454,23.294,24.366,25.978,28.5,30.091,30.821,31.03,31.74,32.613,33.024,33.429
Uzbekistan,no data,no data,no data,no data,no data,no data,no data,no data,no data,no data,no data,0.001,0.011,0.125,1.642,7.575,13.505,22.05,30.307,43.071,62.055,88.113,126.19,156.818,177.221,208.56,245.359,296.231,357.106,426.472,505.24,601.998,706.905,804.31,935.237,1058.678,1179.957,1432.907,1777.095,2058.547,2270.919,2475.954,2589.679,2821.715,3105.278,3306.473,3461.831,3608.223
Vanuatu,76.235,80.564,82.018,81.138,87.84,82.211,78.191,88.874,94.254,96.549,92.161,98.301,98.788,98.492,98.662,98.31,98.555,99.962,103.39,105.092,105.003,106.412,107.791,106.549,105.96,103.169,103.957,107.069,112.581,114.722,115.028,115.827,113.173,114.57,114.032,119.523,120.203,124.292,125.285,127.119,127.866,123.624,121.106,121.162,122.311,123.761,125.172,126.561
Venezuela,0,0,0,0,0,0,0,0,0,0,0,0,0,0,0,0,0,0,0,0,0,0,0,0,0,0,0,0,0,0,0,0,0,0,0,0,0,0,0,0.005,0.091,1.159,3.521,9.937,no data,no data,no data,no data
Vietnam,0.249,0.302,0.568,0.817,1.3,2.416,13.904,56.534,222.433,500.155,685.407,1145.597,1484.806,1702.939,1950.07,2235.493,2386.214,2500.536,2691.221,2806.024,2837.393,2828.94,2895.73,3029.046,3476.777,3676.108,3871.644,4132.808,4974.458,5250.005,5814.022,6915.335,7167.057,7369.895,7473.419,7413.456,7315.613,7395.338,7469.454,7474.995,7505.038,7406.072,7174.602,7384.706,7609.947,7828.138,8028.685,8199.093
West Bank and Gaza,no data,no data,no data,no data,no data,no data,no data,no data,no data,no data,no data,no data,no data,no data,1.724,1.82,1.944,1.986,2.047,2.133,2.268,2.342,2.636,2.432,2.218,2.154,2.187,2.057,2.063,2.288,2.433,2.405,2.36,2.337,2.177,2.136,2.149,2.036,1.977,2.003,1.953,1.909,1.87,1.867,1.878,1.89,1.895,1.896
Yemen,no data,no data,no data,no data,no data,no data,no data,no data,no data,no data,6.115,6.624,7.33,8.332,9.854,14.066,18.892,21.04,19.07,25.098,30.271,30.418,32.561,35.408,39.349,45.224,49.832,53.803,63.549,57.647,70.415,81.477,88.793,93.631,98.497,142.845,141.618,164.766,184.825,194.96,233.904,333.93,447.057,499.121,513.089,521.049,529.545,540.964
Zambia,0,0,0,0,0.001,0.001,0.001,0.002,0.003,0.005,0.01,0.018,0.045,0.114,0.195,0.249,0.305,0.375,0.434,0.505,0.654,0.802,0.943,1.088,1.268,1.434,1.594,1.753,1.903,1.996,2.247,2.446,2.651,2.833,3.065,3.366,3.879,4.193,4.398,4.651,5.227,6.162,6.088,6.246,6.571,6.902,7.246,7.591
Zimbabwe,no data,no data,no data,no data,no data,no data,no data,no data,no data,no data,no data,no data,no data,no data,no data,no data,no data,no data,0.422,0.409,0.402,0.392,0.399,0.417,0.428,0.429,0.388,0.374,0.378,0.504,0.518,0.52,0.549,0.558,0.549,0.539,0.541,0.641,1.032,5.482,36.237,79.482,356.582,975.099,1596.737,2050.001,2291.822,2527.256
,,,,,,,,,,,,,,,,,,,,,,,,,,,,,,,,,,,,,,,,,,,,,,,,
"Â©IMF, 2022",,,,,,,,,,,,,,,,,,,,,,,,,,,,,,,,,,,,,,,,,,,,,,,,