Implied PPP conversion rate (National currency per international dollar),1980,1981,1982,1983,1984,1985,1986,1987,1988,1989,1990,1991,1992,1993,1994,1995,1996,1997,1998,1999,2000,2001,2002,2003,2004,2005,2006,2007,2008,2009,2010,2011,2012,2013,2014,2015,2016,2017,2018,2019,2020,2021,2022,2023,2024,2025
,,,,,,,,,,,,,,,,,,,,,,,,,,,,,,,,,,,,,,,,,,,,,,
Afghanistan,no data,no data,no data,no data,no data,no data,no data,no data,no data,no data,no data,no data,no data,no data,no data,no data,no data,no data,no data,no data,no data,no data,9.085,10.1,10.933,11.742,12.268,13.03,14.897,14.386,15.371,16.613,17.242,17.509,17.036,17.023,17.446,17.206,17.15,17.948,18.583,19.054,19.526,19.946,20.354,20.762
Albania,3.207,2.867,2.703,2.599,2.428,2.44,2.336,2.28,2.202,2.119,2.043,2.678,9.156,19.214,25.778,27.732,31.21,34.131,36.023,36.257,37.467,38.06,38.834,40.108,40.288,40.363,40.148,40.813,41.682,42.367,43.761,43.858,43.655,44.114,42.894,42.694,42.39,41.231,40.812,40.242,40.144,39.885,39.996,40.233,40.613,40.983
Algeria,1.807,1.889,1.813,1.863,1.923,1.95,1.949,2.019,2.21,2.463,3.095,4.711,5.652,6.243,7.711,9.804,11.889,12.506,11.98,13.132,15.709,15.299,15.26,16.23,17.74,19.978,21.44,22.22,25.143,22.16,25.432,29.476,32.593,33.43,34.04,35.011,37.156,38.856,40.812,39.666,37.414,38.939,40.143,41.549,43.109,44.955
Angola,0,0,0,0,0,0,0,0,0,0,0,0,0,0,0,0,0.024,0.046,0.064,0.412,2.088,4.216,10.078,19.187,24.932,34.425,39.133,39.751,46.546,38.451,50.053,64.606,65.682,66.019,65.001,68.182,80.779,92.952,121.419,146.641,164.018,198.482,223.226,238.043,248.611,257.096
Antigua and Barbuda,1.296,1.283,1.344,1.36,1.363,1.42,1.505,1.599,1.735,1.746,1.711,1.698,1.701,1.692,1.71,1.716,1.735,1.737,1.754,1.755,1.743,1.731,1.716,1.668,1.651,1.673,1.63,1.647,1.686,1.703,1.709,1.691,1.829,1.854,1.915,2.04,2.06,2.094,2.09,2.057,2.049,2.024,2.016,2.013,2.012,2.013
Argentina,0,0,0,0,0,0,0,0,0.001,0.016,0.334,0.766,0.851,0.817,0.822,0.831,0.816,0.798,0.776,0.751,0.742,0.718,0.923,1,1.032,1.104,1.219,1.364,1.648,1.887,2.256,2.733,3.218,3.941,5.452,6.867,9.295,10.257,14.024,20.753,29.17,41.939,58,73.485,87.997,100.961
Armenia,no data,no data,no data,no data,no data,no data,no data,no data,no data,no data,no data,no data,0.053,0.789,35.197,89.091,105.322,121.822,134.645,132.967,128.331,130.792,129.946,133.382,138.075,137.942,140.076,142.185,147.76,150.392,160.209,163.65,157.964,159.846,165.186,172.924,161.229,155.971,156.523,156.053,155.447,155.652,157.439,159.857,163.138,166.926
Aruba,no data,no data,no data,no data,no data,no data,no data,no data,no data,no data,no data,no data,no data,no data,no data,1.062,1.077,1.098,1.158,1.166,1.152,1.191,1.225,1.228,1.222,1.225,1.224,1.26,1.295,1.32,1.291,1.303,1.318,1.285,1.309,1.362,1.355,1.351,1.371,1.375,1.338,1.348,1.357,1.363,1.368,1.372
Australia,0.918,0.923,0.975,1.019,1.043,1.064,1.107,1.157,1.219,1.262,1.278,1.253,1.241,1.226,1.215,1.225,1.225,1.218,1.216,1.209,1.235,1.25,1.267,1.284,1.294,1.313,1.339,1.361,1.419,1.414,1.473,1.511,1.54,1.447,1.452,1.474,1.45,1.466,1.463,1.482,1.482,1.455,1.446,1.447,1.448,1.452
Austria,0.897,0.873,0.866,0.864,0.872,0.872,0.877,0.874,0.896,0.887,0.881,0.883,0.894,0.897,0.9,0.898,0.89,0.886,0.88,0.87,0.863,0.86,0.857,0.852,0.844,0.84,0.83,0.827,0.827,0.836,0.833,0.831,0.814,0.797,0.799,0.799,0.777,0.77,0.765,0.765,0.768,0.756,0.762,0.763,0.763,0.764
Azerbaijan,no data,no data,no data,no data,no data,no data,no data,no data,no data,no data,no data,no data,0,0.001,0.033,0.114,0.139,0.145,0.142,0.143,0.165,0.171,0.175,0.184,0.196,0.218,0.235,0.276,0.347,0.279,0.314,0.384,0.369,0.359,0.355,0.377,0.431,0.505,0.554,0.543,0.484,0.501,0.51,0.517,0.524,0.53
"Bahamas, The",0.976,0.952,0.95,0.952,0.959,0.972,1.004,1.04,1.022,1.083,0.985,0.977,0.993,0.962,0.962,0.95,0.942,0.939,0.957,0.99,0.978,0.96,0.982,0.976,0.961,0.98,0.959,0.961,0.957,0.94,0.925,0.899,0.915,0.903,0.904,0.936,0.924,0.901,0.891,0.902,0.888,0.882,0.885,0.887,0.889,0.889
Bahrain,0.185,0.185,0.172,0.158,0.152,0.141,0.107,0.115,0.129,0.129,0.127,0.126,0.12,0.12,0.122,0.124,0.123,0.122,0.11,0.111,0.122,0.118,0.117,0.125,0.135,0.149,0.157,0.166,0.181,0.157,0.166,0.179,0.176,0.181,0.184,0.187,0.19,0.187,0.191,0.188,0.175,0.177,0.178,0.178,0.178,0.178
Bangladesh,8.582,8.422,8.654,9.285,10.074,10.691,11.477,12.219,12.756,13.185,13.527,13.701,13.607,13.567,14.032,14.527,14.785,15.149,15.721,15.993,15.911,15.945,16.308,16.714,17.036,17.37,17.849,18.632,19.603,20.812,22.123,23.41,23.787,24.966,25.819,27.284,28.499,29.738,30.491,31.403,32.68,33.768,34.991,36.256,37.529,38.83
Barbados,1.344,1.377,1.425,1.449,1.471,1.476,1.512,1.583,1.572,1.616,1.615,1.633,1.63,1.675,1.677,1.659,1.67,1.657,1.781,1.834,1.77,1.771,1.759,1.746,1.8,1.862,1.888,1.994,1.988,1.94,1.991,2.019,2.123,2.146,2.173,2.131,2.119,2.203,2.211,2.227,2.208,2.191,2.202,2.221,2.237,2.252
Belarus,no data,no data,no data,no data,no data,no data,no data,no data,no data,no data,no data,no data,0,0,0,0,0,0.001,0.001,0.005,0.016,0.028,0.04,0.051,0.061,0.07,0.075,0.083,0.098,0.106,0.117,0.196,0.32,0.374,0.449,0.525,0.564,0.609,0.667,0.698,0.74,0.762,0.785,0.813,0.832,0.849
Belgium,0.841,0.808,0.819,0.832,0.847,0.859,0.865,0.859,0.847,0.854,0.847,0.843,0.852,0.866,0.865,0.882,0.871,0.862,0.868,0.861,0.859,0.857,0.858,0.858,0.851,0.843,0.837,0.83,0.83,0.828,0.834,0.832,0.822,0.806,0.8,0.8,0.781,0.773,0.766,0.764,0.765,0.756,0.752,0.749,0.745,0.742
Belize,1.667,1.583,1.612,1.542,1.491,1.455,1.448,1.355,1.394,1.34,1.318,1.234,1.255,1.246,1.264,1.313,1.315,1.273,1.278,1.232,1.21,1.181,1.182,1.129,1.121,1.118,1.137,1.157,1.166,1.126,1.129,1.151,1.239,1.264,1.312,1.319,1.342,1.375,1.34,1.319,1.311,1.291,1.293,1.285,1.288,1.291
Benin,144.486,111.891,120.04,129.46,139.05,138.506,130.11,131.622,126.816,124.269,115.215,112.289,113.108,113.118,149.55,168.597,177.001,180.382,187.706,202.735,206.911,206.459,210.468,212.957,208.97,211.36,209.447,204.764,213.781,217.551,216.94,220.434,234.004,231.477,225.044,220.524,214.434,216.774,212.94,208.54,209.793,207.858,207.687,207.872,207.835,207.627
Bhutan,4.991,4.771,4.771,4.928,5.148,5.39,5.64,5.699,5.884,6.206,6.366,6.602,7.052,7.489,8.222,8.883,9.449,10.275,11.299,12.105,12.341,12.509,12.94,13.191,13.281,13.508,14.008,14.191,14.37,14.994,15.615,16.397,17.148,18.135,18.677,18.587,18.831,19.208,19.379,19.794,20.26,20.653,21.109,21.469,21.771,22.054
Bolivia,0,0,0,0,0.002,0.189,0.611,0.68,0.776,0.845,0.947,1.078,1.194,1.242,1.313,1.433,1.57,1.632,1.727,1.744,1.794,1.789,1.811,1.89,1.987,2.042,2.252,2.355,2.55,2.47,2.655,2.981,3.045,3.033,3.018,2.941,2.835,2.749,2.767,2.699,2.732,2.797,2.861,2.921,2.967,3.012
Bosnia and Herzegovina,no data,no data,no data,no data,no data,no data,no data,no data,no data,no data,no data,no data,no data,no data,0.481,0.502,0.484,0.554,0.562,0.573,0.599,0.614,0.635,0.632,0.631,0.631,0.654,0.678,0.718,0.713,0.715,0.718,0.706,0.686,0.687,0.694,0.676,0.676,0.679,0.673,0.662,0.647,0.642,0.639,0.636,0.637
Botswana,0.474,0.418,0.434,0.45,0.531,0.634,0.666,0.76,0.926,0.946,0.904,0.93,1,1.082,1.211,1.271,1.449,1.5,1.627,1.832,2.046,2.168,2.16,2.19,2.347,2.628,2.742,2.801,2.878,3.041,3.274,3.655,3.964,4.126,4.284,4.43,4.575,4.734,4.677,4.624,4.568,4.681,4.857,5.007,5.094,5.187
Brazil,0,0,0,0,0,0,0,0,0,0,0,0,0.001,0.012,0.284,0.539,0.626,0.663,0.688,0.733,0.757,0.802,0.867,0.971,1.019,1.061,1.1,1.14,1.216,1.296,1.388,1.473,1.606,1.701,1.813,1.989,2.133,2.182,2.2,2.252,2.295,2.321,2.374,2.426,2.474,2.521
Brunei Darussalam,no data,no data,no data,no data,no data,0.787,0.479,0.517,0.456,0.467,0.488,0.458,0.456,0.432,0.386,0.389,0.399,0.426,0.372,0.41,0.517,0.477,0.472,0.492,0.555,0.639,0.68,0.666,0.743,0.577,0.599,0.705,0.676,0.668,0.65,0.685,0.666,0.647,0.69,0.655,0.518,0.547,0.548,0.545,0.539,0.533
Bulgaria,0.001,0.001,0.001,0.001,0.001,0.001,0.001,0.001,0.001,0.001,0.001,0.002,0.003,0.005,0.01,0.016,0.035,0.346,0.456,0.464,0.486,0.505,0.516,0.518,0.533,0.55,0.57,0.617,0.654,0.676,0.676,0.701,0.693,0.68,0.661,0.679,0.667,0.674,0.685,0.704,0.708,0.71,0.716,0.722,0.726,0.73
Burkina Faso,196.405,195.578,204.635,211.225,205.664,203.585,186.903,184.649,184.439,186.055,182.589,169.608,166.205,160.018,179.608,187.828,185.094,184.787,197.24,203.059,196.991,200.399,203.309,202.566,197.434,198.63,191.518,191.156,204.684,208.022,213.398,223.116,238.979,231.079,231.326,225.416,215.197,208.757,208.707,198.92,200.27,199.664,200.343,201.303,202.069,202.748
Burundi,66.589,56.441,56.743,57.571,64.947,66.09,62.522,58.959,57.741,64.374,64.739,64.758,66.705,70.203,73.298,83.353,93.679,119.498,131.69,156.561,193.441,216.081,219.297,232.331,258.614,288.184,287.678,303.33,369.595,403.806,434.783,461.509,527.053,539.311,547.1,570.659,585.893,654.896,621.123,606.222,645.164,659.23,668.242,677.648,686.156,694.895
Cabo Verde,27.799,27.831,30.774,32.745,34.378,34.546,39.858,41.747,42.513,42.353,41.797,42.378,42.753,46.416,48.665,49.862,50.822,51.144,52.313,55.178,52.577,52.125,51.147,51.108,49.458,48.265,48.275,48.29,49.049,49.737,49.412,49.695,51.141,51.855,51.84,50.453,49.364,48.477,48.062,47.485,47.318,46.841,46.672,46.516,46.352,46.254
Cambodia,no data,no data,no data,no data,no data,no data,no data,29.577,50.082,57.349,135.878,272.46,467.245,946.638,913.233,1001.852,1013.672,1056.328,1152.764,1150.691,1081.436,1082.103,1072.846,1072.22,1094.476,1125.915,1143.452,1186.118,1306.06,1328.639,1354.32,1371.235,1336.79,1340.068,1386.036,1395.92,1402.131,1428.354,1429.598,1439.834,1454.393,1461.893,1473.823,1487.067,1499.6,1513.298
Cameroon,165.666,164.712,174.432,189.299,207.477,223.525,219.467,209.059,203.672,192.32,188.545,188.797,182.135,181.422,203.167,217.859,219.886,223.782,229.71,231.588,238.337,236.629,237.233,233.364,231.76,226.443,227.173,223.348,233.575,235.621,237.356,238.707,242.194,241.083,239.119,240.708,237.444,232.801,230.979,231.484,230.946,231.004,230.893,230.771,230.796,230.62
Canada,1.117,1.125,1.153,1.174,1.173,1.175,1.188,1.215,1.227,1.236,1.232,1.228,1.218,1.205,1.197,1.199,1.198,1.191,1.175,1.181,1.205,1.199,1.195,1.211,1.218,1.218,1.213,1.22,1.244,1.206,1.226,1.24,1.245,1.224,1.23,1.248,1.207,1.205,1.198,1.199,1.192,1.196,1.194,1.195,1.196,1.196
Central African Republic,167.281,175.226,188.641,204.022,196.658,250.498,232.781,213.158,212.437,208.726,199.529,190.315,186.664,178.882,201.196,225.869,218.048,225.583,231.255,233.356,228.335,233.031,233.47,236.441,230.9,234.288,234.195,229.358,237.338,244.656,252.021,256.761,262.129,254.347,290.945,283.524,280.048,286.829,283.786,285.382,289.189,290.086,292.022,293.885,295.458,296.955
Chad,89.336,138.261,139.727,144.304,163.4,149.051,130.859,121.191,126.146,120.415,115.683,104.054,97.178,90.629,133.609,145.312,159.204,162.426,171.459,156.219,160.886,179.155,179.73,176.555,188.694,225.208,240.287,242.019,257.769,231.563,243.081,258.131,285.354,308.42,300.386,252.075,246.884,243.655,243.422,242.855,231.4,232.839,235.45,238.198,240.617,242.738
Chile,29.242,29.78,31.59,39.318,43.562,58.002,69.423,85.257,101.047,110.338,130.278,154.226,171.623,187.353,209.412,229.313,232.099,235.1,234.915,236.76,241.567,245.62,250.03,256.736,269.694,281.576,306.609,314.289,307.816,319.602,344.454,348.017,347.228,349.681,367.214,391.361,409.978,411.264,411.063,414.593,430.981,438.109,441.791,445.513,448.746,452.207
"China, People's Republic of",1.5,1.413,1.336,1.3,1.316,1.404,1.442,1.479,1.602,1.678,1.712,1.757,1.856,2.086,2.46,2.739,2.868,2.866,2.807,2.73,2.726,2.723,2.699,2.723,2.832,2.868,2.89,3.034,3.192,3.165,3.325,3.524,3.561,3.664,3.759,3.871,3.989,4.184,4.228,4.253,4.242,4.223,4.236,4.252,4.266,4.278
Colombia,27.959,31.358,36.847,42.693,50.346,60.946,77.17,92.912,114.651,137.561,170.035,207.352,249.404,301.873,371.278,432.206,496.028,569.737,646.629,717.882,780.505,813.539,848.666,890.093,929.885,951.914,977.609,1001.561,1057.877,1092.543,1121.046,1168.243,1203.585,1206.679,1220.607,1276.479,1285.21,1314.787,1341.529,1374.514,1402.073,1409.433,1425.591,1442.864,1458.901,1475.898
Comoros,158.389,154.398,160.415,168.524,172.58,169.902,169.186,170.361,166.853,169.562,158.799,169.216,157.569,157.393,173.682,180.649,182.61,181.338,181.762,186.089,193.607,203.473,207.959,214.234,209.527,202.368,208.114,212.874,215.378,215.856,216.944,218.978,213.964,211.5,206.343,203.344,197.571,190.126,187.45,192.614,194.666,194.17,194.562,194.89,195.03,195.085
"Congo, Dem. Rep. of the",0,0,0,0,0,0,0,0,0,0,0,0,0,0,0.013,0.07,0.509,1.463,1.927,10.246,62.539,105.906,137.325,152.91,158.381,199.474,219.414,256.989,303.676,399.802,477.344,532.063,583.255,558.907,530.018,508.596,494.127,645.391,818.344,827.655,907.588,988.343,1044.285,1098.055,1131.457,1165.155
"Congo, Republic of ",149.305,140.151,135.894,134.658,133.852,133.648,134.969,135.711,113.375,101.798,97.332,98.433,93.677,88.47,118.612,119.352,134.163,137.425,109.96,138.579,192.35,170.675,173.398,163.615,191.712,221.817,239.803,249.27,284.294,222.427,284.544,309.251,316.116,316.152,314.805,311.999,316.625,297.674,358.195,349.706,294.158,303.017,306.881,310.869,314.198,317.037
Costa Rica,5.023,6.475,11.232,13.936,15.695,18.34,21.223,22.812,26.186,29.04,33.17,52.621,61.579,66.397,75.188,89.269,101.04,113.834,126.243,138.634,148.369,159.354,172.341,187.342,206.96,227.007,249.066,268.103,293.015,319.376,336.441,344.546,353.785,357.828,363.422,364.163,352.897,350.817,351.296,351.228,349.344,346.678,346.95,348.493,350.713,354.674
Croatia,no data,no data,no data,no data,no data,no data,no data,no data,no data,no data,no data,no data,0.082,1.261,2.614,2.702,2.754,2.896,3.1,3.17,3.239,3.306,3.38,3.461,3.492,3.492,3.52,3.57,3.697,3.778,3.769,3.753,3.664,3.575,3.543,3.511,3.382,3.327,3.307,3.297,3.288,3.272,3.282,3.304,3.334,3.355
Cyprus,0.463,0.473,0.491,0.497,0.519,0.532,0.543,0.551,0.55,0.554,0.563,0.566,0.587,0.603,0.622,0.633,0.638,0.641,0.647,0.652,0.655,0.665,0.656,0.679,0.679,0.672,0.672,0.682,0.7,0.697,0.702,0.699,0.707,0.687,0.68,0.663,0.622,0.615,0.609,0.601,0.587,0.584,0.581,0.58,0.579,0.579
Czech Republic,no data,no data,no data,no data,no data,no data,no data,no data,no data,no data,no data,no data,no data,no data,no data,10.899,11.734,12.493,13.566,13.78,13.727,14.089,14.247,14.168,14.356,13.935,13.614,13.727,13.736,13.985,13.627,13.345,13.298,12.785,12.703,12.935,12.578,12.378,12.398,12.65,12.933,12.816,12.811,12.795,12.79,12.756
Côte d'Ivoire,141.736,133.357,136.007,140.469,158.159,155.193,149.77,140.234,134.142,128.529,118.284,115.174,112.584,116.732,168.376,185.827,190.859,195.531,200.391,199.092,199.113,209.251,219.726,226.076,213.786,210.026,207.412,207.91,221.284,224.761,234.14,236.911,241.715,247.242,246.519,250.638,252.411,253.746,248.362,245.226,244.23,241.818,240.918,240.415,240.151,239.781
Denmark,6.586,6.66,6.909,7.14,7.301,7.381,7.403,7.568,7.598,7.675,7.591,7.537,7.491,7.361,7.32,7.261,7.274,7.295,7.303,7.32,7.376,7.4,7.455,7.428,7.385,7.37,7.302,7.284,7.44,7.423,7.574,7.466,7.564,7.355,7.329,7.303,7.081,6.852,6.748,6.675,6.63,6.547,6.534,6.525,6.52,6.516
Djibouti,no data,no data,no data,no data,no data,no data,no data,no data,no data,no data,67.353,69.71,70.067,71.557,74.935,76.976,77.936,78.919,79.749,80.299,80.191,80.082,78.835,78.956,79.415,79.469,79.83,81.609,87.784,88.474,90.911,93.572,98.27,100.152,102.111,103.302,106.126,106.023,104.579,106.155,107.691,107.839,108.179,108.378,108.472,108.517
Dominica,1.58,1.468,1.448,1.497,1.535,1.606,1.663,1.715,1.731,1.806,1.796,1.871,1.909,1.915,2.018,1.992,2.02,2.015,2.043,2.065,1.984,1.982,1.966,1.87,1.89,1.807,1.795,1.775,1.767,1.894,1.878,1.87,1.859,1.867,1.811,1.841,1.826,1.738,1.72,1.717,1.723,1.717,1.721,1.724,1.725,1.726
Dominican Republic,0.631,0.618,0.626,0.642,0.77,1.032,1.107,1.236,1.713,2.038,2.956,4.524,4.67,4.789,5.164,5.546,5.646,6.075,6.399,6.549,6.868,7.126,7.501,9.828,13.893,14.253,14.753,15.464,16.745,17.2,17.927,18.976,20.189,20.887,21.359,21.151,20.819,21.613,21.976,22.136,22.553,22.948,23.448,23.952,24.443,24.933
Ecuador,0.646,0.581,0.54,0.47,0.463,0.503,0.351,0.34,0.283,0.267,0.253,0.262,0.27,0.302,0.342,0.356,0.359,0.38,0.371,0.276,0.247,0.311,0.343,0.372,0.378,0.395,0.414,0.43,0.48,0.48,0.51,0.528,0.551,0.543,0.544,0.554,0.549,0.535,0.532,0.522,0.501,0.499,0.501,0.499,0.496,0.492
Egypt,0.186,0.182,0.189,0.204,0.205,0.216,0.223,0.299,0.332,0.387,0.456,0.5,0.61,0.654,0.685,0.748,0.788,0.82,0.842,0.837,0.859,0.857,0.863,0.905,0.984,1.014,1.056,1.158,1.275,1.407,1.531,1.675,1.747,1.875,2.162,2.296,2.563,3.267,3.874,4.324,4.503,4.681,4.97,5.261,5.563,5.879
El Salvador,0.387,0.33,0.328,0.298,0.207,0.194,0.191,0.185,0.205,0.223,0.312,0.324,0.328,0.348,0.374,0.406,0.425,0.432,0.446,0.444,0.448,0.453,0.453,0.458,0.458,0.463,0.469,0.476,0.484,0.48,0.487,0.505,0.524,0.51,0.496,0.488,0.473,0.463,0.461,0.458,0.455,0.453,0.452,0.449,0.445,0.442
Equatorial Guinea,74.299,77.68,102.73,123.326,149.546,221.465,210.748,208.783,209.692,192.103,195.784,196.548,164.659,157.328,191.591,187.656,202.713,174.473,117.086,159.686,134.368,122.42,118.066,154.007,165.275,203.652,226.774,227.549,267.493,210.171,259.493,297.509,295.038,289.679,284.185,277.464,267.943,248.934,275.56,263.934,230.11,237.278,242.376,246.416,250.996,255.188
Eritrea,no data,no data,no data,no data,no data,no data,no data,no data,no data,no data,no data,no data,1,0.998,1.103,1.207,1.311,1.342,1.45,1.549,1.817,2.046,2.339,2.799,3.402,3.55,3.839,4.011,4.418,5.492,6.003,6.077,6.391,6.09,6.072,5.827,5.809,5.47,4.978,4.654,4.835,4.91,4.902,4.896,4.888,4.881
Estonia,no data,no data,no data,no data,no data,no data,no data,no data,no data,no data,no data,no data,no data,0.134,0.184,0.242,0.292,0.315,0.333,0.35,0.355,0.371,0.383,0.391,0.398,0.409,0.433,0.474,0.497,0.492,0.496,0.512,0.521,0.522,0.527,0.537,0.528,0.534,0.543,0.551,0.543,0.542,0.545,0.546,0.547,0.547
Eswatini,0.581,0.592,0.608,0.621,0.663,0.752,0.816,0.844,1.004,1.039,1.106,1.165,1.265,1.442,1.622,1.846,1.958,2.141,2.275,2.363,2.541,2.708,2.904,3.022,3.057,3.159,3.19,3.262,3.534,3.85,3.927,4.052,4.497,4.69,4.982,5.323,5.788,6.206,6.229,6.431,6.673,6.842,7.039,7.239,7.446,7.663
Ethiopia,1.455,1.364,1.339,1.328,1.24,1.588,1.474,1.351,1.344,1.367,1.363,1.571,1.779,1.966,1.976,2.182,2.126,2.106,2.09,2.082,2.082,1.937,1.836,2.031,2.092,2.213,2.381,2.709,3.449,4.2,4.291,5.036,6.641,7.081,7.144,7.767,8.056,8.521,9.274,10.247,12.295,14.369,15.62,16.685,17.766,18.78
Fiji,0.623,0.576,0.579,0.596,0.584,0.607,0.62,0.653,0.661,0.617,0.634,0.65,0.676,0.705,0.696,0.689,0.696,0.709,0.754,0.794,0.741,0.75,0.763,0.809,0.805,0.851,0.856,0.859,0.854,0.86,0.885,0.949,0.93,0.935,0.932,0.911,0.937,0.939,0.925,0.931,0.906,0.896,0.902,0.908,0.914,0.918
Finland,0.739,0.754,0.774,0.806,0.844,0.861,0.884,0.9,0.936,0.959,0.977,0.959,0.946,0.94,0.938,0.957,0.939,0.942,0.961,0.956,0.95,0.961,0.955,0.939,0.92,0.9,0.882,0.882,0.892,0.901,0.893,0.898,0.908,0.905,0.907,0.908,0.881,0.863,0.859,0.859,0.859,0.854,0.854,0.853,0.852,0.851
France,0.781,0.797,0.841,0.887,0.917,0.937,0.965,0.965,0.962,0.956,0.946,0.939,0.936,0.929,0.918,0.909,0.905,0.897,0.896,0.885,0.879,0.877,0.882,0.882,0.872,0.862,0.855,0.854,0.858,0.852,0.851,0.841,0.844,0.812,0.808,0.808,0.78,0.766,0.756,0.751,0.756,0.741,0.735,0.731,0.728,0.725
Gabon,145.112,160.155,164.218,172.015,174.527,173.128,174.892,132.462,135.097,131.836,146.654,125.722,123.179,119.715,171.779,170.501,190.144,188.69,153.402,180.26,225.84,207.151,204.775,201.683,210.746,250.831,264.127,271.609,305.084,256.001,295.113,325.733,326.274,316.435,310.415,297.011,289.721,279.766,292.319,292.043,265.172,266.057,269.005,271.047,274.745,277.295
"Gambia, The",1.438,1.592,1.36,1.338,1.426,1.688,2.243,2.916,3.048,3.339,3.711,4.109,4.337,4.477,4.724,4.663,4.767,4.984,4.959,5.049,5.118,5.768,6.592,8.244,9.008,9.095,8.943,9.094,9.141,9.481,9.901,10.142,10.831,11.873,12.506,13.588,14.483,15.286,15.965,16.807,17.38,18.408,18.541,19.258,19.937,20.468
Georgia,no data,no data,no data,no data,no data,no data,no data,no data,no data,no data,0,0,0,0.001,0.111,0.286,0.4,0.419,0.443,0.479,0.491,0.506,0.528,0.536,0.566,0.592,0.623,0.664,0.714,0.694,0.762,0.811,0.743,0.725,0.723,0.754,0.748,0.805,0.82,0.859,0.89,0.898,0.909,0.919,0.929,0.938
Germany,0.925,0.881,0.87,0.864,0.851,0.843,0.853,0.847,0.831,0.818,0.814,0.902,0.929,0.943,0.942,0.941,0.929,0.916,0.912,0.902,0.878,0.871,0.869,0.864,0.851,0.829,0.808,0.8,0.792,0.801,0.797,0.789,0.787,0.775,0.769,0.778,0.753,0.741,0.735,0.738,0.742,0.74,0.737,0.734,0.733,0.733
Ghana,0.001,0.001,0.002,0.003,0.004,0.005,0.007,0.01,0.012,0.015,0.02,0.023,0.026,0.029,0.037,0.051,0.07,0.083,0.096,0.108,0.134,0.178,0.215,0.27,0.3,0.334,0.364,0.41,0.472,0.535,0.617,0.697,0.766,0.884,1.047,1.266,1.544,1.764,1.898,2.037,2.212,2.366,2.492,2.605,2.715,2.819
Greece,0.084,0.093,0.111,0.129,0.152,0.176,0.205,0.23,0.26,0.286,0.333,0.385,0.433,0.484,0.526,0.566,0.598,0.627,0.652,0.666,0.661,0.67,0.681,0.692,0.694,0.689,0.692,0.697,0.713,0.726,0.722,0.713,0.685,0.631,0.611,0.609,0.589,0.576,0.566,0.554,0.547,0.539,0.534,0.533,0.532,0.531
Grenada,1.557,1.463,1.436,1.405,1.441,1.518,1.551,1.59,1.641,1.721,1.655,1.707,1.736,1.727,1.743,1.758,1.773,1.776,1.786,1.779,1.787,1.786,1.765,1.731,1.72,1.709,1.736,1.73,1.83,1.816,1.804,1.771,1.8,1.769,1.733,1.736,1.73,1.69,1.646,1.636,1.612,1.598,1.6,1.604,1.607,1.609
Guatemala,0.402,0.399,0.394,0.404,0.406,0.467,0.648,0.683,0.737,0.786,1.065,1.371,1.459,1.633,1.787,1.902,2.034,2.166,2.345,2.428,2.538,2.672,2.791,2.854,2.924,2.982,3.033,3.145,3.369,3.385,3.511,3.637,3.648,3.717,3.767,3.732,3.858,3.933,3.888,3.95,3.969,3.977,3.995,4.043,4.102,4.163
Guinea,64.307,63.824,77.942,96.995,117.251,135.251,224.941,279.35,328.264,386.369,436.784,532.183,656.745,645.84,641.18,664.927,654.79,654.562,676.887,691.498,699.39,694.738,696.176,802.372,908.949,1249.749,1565.823,1737.427,1988.82,2017.229,2328.326,2485.901,2789.94,2932.747,3059.935,3164.996,3159.342,3216.035,3455.846,3710.024,3968.683,4201.118,4461.742,4737.569,5011.479,5298.613
Guinea-Bissau,139.074,210.023,261.103,340.23,248.211,348.432,259.687,176.232,154.012,185.543,177.429,234.044,223.025,178.063,185.71,335.812,310.763,312.314,340.772,294.193,221.77,225.175,229.148,223.687,205.884,205.884,191.356,197.513,218.472,208.525,216.872,230.392,232.193,229.744,223.304,223.351,224.407,222.749,206.134,195.527,191.696,195.426,197.455,199.581,201.515,203.367
Guyana,1.137,1.094,1.033,1.14,1.28,1.463,1.634,3.369,4.03,11.142,16.914,37.989,41.683,46.538,53.753,58.277,58.832,58.623,58.952,66.175,67.643,66.779,68.414,70.373,71.806,73.968,75.86,81.729,88.605,88.868,93.519,100.269,104.888,102.278,101.929,102.838,106.23,105.353,99.912,101.066,103.998,108.619,111.088,112.834,113.586,114.183
Haiti,1.167,1.161,1.17,1.227,1.309,1.399,1.519,0.734,0.463,0.417,0.514,0.529,0.517,0.803,2.954,4.098,4.426,4.905,5.537,5.842,6.346,6.932,7.506,9.352,11.065,12.616,14.05,14.783,16.371,16.849,17.562,18.495,20.129,20.93,21.596,23.232,25.26,28.498,31.394,36.182,43.669,52.894,62.529,72.057,80.838,88.275
Honduras,1.371,1.342,1.32,1.359,1.356,1.383,1.409,1.413,1.454,1.498,1.75,2.133,2.276,2.525,3.187,3.897,4.449,5.09,5.589,5.926,6.26,6.621,6.853,7.115,7.376,7.673,7.846,8.147,8.615,9.204,9.523,10.057,10.37,10.332,10.398,10.474,10.393,10.362,10.304,10.587,10.872,11.269,11.545,11.858,12.191,12.556
Hong Kong SAR,3.976,4.02,4.156,4.182,4.424,4.52,4.596,4.872,5.12,5.546,5.75,6.07,6.522,6.92,7.204,7.348,7.64,7.943,7.951,7.517,7.103,6.827,6.492,5.991,5.624,5.446,5.258,5.281,5.247,5.187,5.142,5.233,5.454,5.548,5.706,5.831,5.932,6.011,6.085,6.119,6.034,6.074,6.159,6.2,6.232,6.265
Hungary,11.041,10.606,10.559,10.665,10.946,11.237,11.428,12.072,13.704,15.658,18.967,24.899,29.58,35.044,40.999,50.37,60.312,71.303,80.216,85.495,91.64,99.58,105.961,109.692,112.253,111.722,112.408,115.423,118.644,122.681,124.159,124.272,125.624,124.979,129.415,132.518,132.047,134.363,137.155,140.838,143.044,144.15,145.88,147.581,149.157,150.682
Iceland,6.64,9.041,13.078,22.227,27.22,34.812,42.416,49.713,59.059,69.738,77.47,81.221,81.973,81.354,81.683,82.366,83.227,84.248,87.227,88.984,90.506,96.268,100.316,98.97,98.934,98.392,103.539,105.159,115.565,127.164,133.775,135.152,136.968,137.023,138.548,141.937,140.044,137.122,137.408,141.096,142.727,142.806,143.612,144.031,144.958,146.456
India,4.02,4.07,4.143,4.328,4.508,4.685,4.904,5.232,5.47,5.707,6.088,6.699,7.137,7.659,8.248,8.81,9.307,9.742,10.405,10.609,10.742,10.837,11.053,11.263,11.603,11.73,12.116,12.479,13.301,14.001,15.083,15.55,16.161,17.342,18.387,19.235,19.899,20.648,21.082,21.316,21.948,22.108,22.524,22.962,23.381,23.8
Indonesia,327.811,313.055,309.935,356.689,375.337,378.49,377.925,417.227,435.264,460.697,478.374,502.583,522.748,551.758,582.234,626.63,668.756,740.065,1282.684,1443.484,1529.986,1711.18,1783.85,1847.431,1952.827,2165.261,2397.725,2597.884,2988.752,3145.034,3336.996,3512.754,3569.893,3765.672,4030.775,4353.327,4518.104,4695.659,4760.717,4752.266,4782.981,4755.129,4791.038,4846.389,4897.363,4946.693
Iran,27.271,33.054,36.404,38.877,45.098,47.306,51.759,59.597,73.103,82.378,94.461,118.397,149.559,215.442,284.658,387.51,488.502,570.107,622.298,811.084,980.417,1124.151,1367.539,1508.397,1816.439,2116.813,2354.251,2818.574,3301.779,3427.481,3926.106,4758.87,6093.563,8503.847,9758.554,10701.562,11796.811,13061.295,16620.656,23463.699,29952.213,38318.374,47099.184,57812.48,71421.073,88873.997
Iraq,no data,no data,no data,no data,no data,no data,no data,no data,no data,no data,no data,no data,no data,no data,no data,no data,no data,no data,213.781,362.391,508.275,389.647,422.8,184.457,207.879,273.88,327.121,364.56,465.514,371.802,428.483,523.34,525.738,531.128,557.279,560.517,570.485,560.761,633.034,607.387,527.113,554.276,560.254,558.491,565.199,573.926
Ireland,0.517,0.56,0.616,0.658,0.682,0.704,0.732,0.737,0.738,0.746,0.724,0.717,0.72,0.741,0.736,0.762,0.754,0.771,0.812,0.839,0.885,0.92,0.954,0.967,0.95,0.951,0.954,0.939,0.919,0.869,0.836,0.832,0.823,0.811,0.819,0.809,0.794,0.791,0.775,0.782,0.78,0.775,0.777,0.783,0.792,0.801
Israel,0.004,0.009,0.019,0.046,0.214,0.743,1.093,1.271,1.472,1.703,1.912,2.266,2.493,2.715,3.017,3.201,3.477,3.701,3.911,4.094,4.095,4.077,4.196,4.105,4.002,3.926,3.865,3.801,3.806,3.934,3.95,3.945,3.955,3.84,3.94,3.924,3.788,3.745,3.703,3.72,3.676,3.598,3.555,3.518,3.483,3.447
Italy,0.346,0.376,0.418,0.464,0.497,0.527,0.556,0.576,0.594,0.608,0.625,0.651,0.665,0.675,0.685,0.714,0.733,0.739,0.748,0.749,0.746,0.752,0.765,0.774,0.774,0.766,0.759,0.758,0.761,0.768,0.762,0.759,0.748,0.737,0.74,0.738,0.701,0.687,0.676,0.671,0.669,0.661,0.655,0.65,0.646,0.642
Jamaica,0.742,0.713,0.748,0.852,1.06,1.264,1.339,1.369,1.641,1.813,2.658,3.937,7.191,9.371,11.971,14.654,17.046,18.461,19.956,21.046,22.789,24.056,26.172,28.681,31.521,34.074,36,39.022,43.466,47.699,51.764,53.805,56.475,59.334,62.76,65.295,65.904,67.582,69.233,70.592,72.464,74.938,77.605,80.187,82.616,85.082
Japan,239.87,225.551,216.133,209.954,205.628,201.835,201.042,195.88,190.39,187.071,185.02,184.207,183.104,179.883,176.59,172.041,168.108,166.091,164.168,159.712,154.059,149.087,144.625,139.693,134.533,129.116,124.216,120.084,116.637,115.047,111.567,107.454,104.274,101.303,103.052,103.45,105.503,105.379,102.804,101.595,100.526,98.662,97.255,95.921,94.51,93.098
Jordan,0.144,0.141,0.144,0.15,0.146,0.148,0.157,0.152,0.148,0.165,0.18,0.182,0.194,0.195,0.204,0.203,0.206,0.204,0.213,0.21,0.205,0.203,0.199,0.2,0.202,0.199,0.212,0.217,0.256,0.263,0.28,0.291,0.302,0.308,0.319,0.312,0.314,0.3,0.298,0.298,0.296,0.295,0.295,0.297,0.299,0.301
Kazakhstan,no data,no data,no data,no data,no data,no data,no data,no data,no data,no data,no data,no data,0.02,0.267,4.235,10.823,14.763,16.854,17.61,19.665,22.587,24.347,25.359,27.819,31.459,35.963,42.429,47.735,56.627,58.835,69.523,82.09,83.832,86.235,92.814,100.35,110.825,121.253,129.311,136.74,135.535,142.956,148.74,154.351,159.531,164.939
Kenya,4.809,4.847,5.051,5.392,5.755,6.082,6.535,6.701,6.824,7.226,7.725,8.376,9.537,11.679,12.904,14.097,16.766,18.357,19.328,19.806,20.596,20.556,20.502,21.449,22.383,22.792,24.525,25.825,29.171,32.319,32.616,35.396,37.979,37.668,38.289,39.04,39.385,40.185,40.193,41.053,43.789,44.826,46.28,47.807,49.296,50.772
Kiribati,0.69,0.653,0.638,0.668,0.706,0.687,0.684,0.721,0.719,0.7,0.671,0.716,0.744,0.76,0.792,0.782,0.859,0.878,0.938,0.965,0.968,1.005,1.038,1.046,1.036,1.01,0.978,1.011,1.074,1.068,1.068,1.066,1.042,1.025,1.054,1.08,1.071,1.061,1.091,1.116,1.12,1.117,1.119,1.122,1.125,1.128
"Korea, Republic of",479.793,511.023,512.368,516.825,520.88,525.033,540.237,552.667,571.868,583.668,619.366,653.867,689.021,715.172,757.352,793.906,811.678,829.862,857.355,834.758,824.849,835.223,847.154,860.404,864.054,846.681,819.976,817.841,824.912,848.213,861.396,854.586,854.887,869.081,871.878,857.368,858.993,871.696,855.369,832.616,828.437,817.801,814.651,811.193,809.873,811.691
Kosovo,no data,no data,no data,no data,no data,no data,no data,no data,no data,no data,no data,no data,no data,no data,no data,no data,no data,no data,no data,no data,0.316,0.345,0.345,0.334,0.311,0.299,0.292,0.291,0.307,0.308,0.319,0.327,0.33,0.333,0.34,0.339,0.339,0.34,0.335,0.335,0.329,0.325,0.323,0.322,0.32,0.319
Kuwait,0.168,0.172,0.158,0.142,0.137,0.139,0.101,0.11,0.109,0.103,0.101,0.097,0.096,0.087,0.08,0.084,0.096,0.09,0.073,0.085,0.101,0.091,0.094,0.097,0.105,0.124,0.14,0.142,0.166,0.136,0.15,0.172,0.176,0.179,0.179,0.19,0.187,0.177,0.199,0.187,0.161,0.167,0.168,0.169,0.17,0.171
Kyrgyz Republic,no data,no data,no data,no data,no data,no data,no data,no data,no data,no data,no data,no data,0.081,0.655,1.8,2.505,3.329,3.904,4.211,5.711,7.104,7.461,7.494,7.65,7.83,8.134,8.637,9.662,11.673,12.053,13.109,15.728,15.303,15.365,16.036,17.146,16.737,16.959,17.181,16.744,17.839,18.422,19.064,19.652,20.238,20.833
Lao P.D.R.,11.4,10.329,16.269,27.808,36.105,51.853,71.578,91.571,131.754,209.627,272.025,298.143,318.578,331.109,349.21,409.215,457.28,536.133,508.409,1086.303,1422.29,1567.077,1706.165,1894.554,2041.996,2143.779,2334.347,2423.306,2509.003,2445.793,2532.576,2666.535,2615.523,2712.93,2738.371,2819.729,2759.426,2789.109,2775.442,2782.486,2958.344,3067.879,3109.219,3144.057,3175.906,3206.664
Latvia,no data,no data,no data,no data,no data,no data,no data,no data,no data,no data,no data,no data,0.111,0.179,0.238,0.268,0.296,0.308,0.32,0.32,0.324,0.324,0.336,0.346,0.359,0.388,0.423,0.495,0.542,0.486,0.478,0.499,0.506,0.499,0.498,0.497,0.485,0.484,0.492,0.496,0.493,0.492,0.492,0.492,0.493,0.493
Lebanon,0.857,0.934,1.044,1.077,1.223,2.008,3.847,22.04,54.286,89.97,146.394,214.586,461.571,582.096,615.35,666.645,712.66,754.798,776.855,772.915,740.866,711.789,735.301,734.271,722.264,692.816,678.387,681.336,718.685,786.602,782.04,788.752,808.92,798.526,771.115,764.821,742.686,734.776,756.709,763.097,1186.961,no data,no data,no data,no data,no data
Lesotho,0.595,0.598,0.553,0.583,0.625,0.714,0.799,0.895,1.018,1.113,1.213,1.357,1.496,1.61,1.729,1.891,1.986,2.132,2.298,2.418,2.49,2.682,2.903,2.92,3.023,3.119,3.263,3.55,3.752,3.743,3.896,4.081,4.373,4.393,4.623,4.752,5.012,5.506,5.668,5.824,5.933,6.084,6.277,6.486,6.692,6.897
Liberia,no data,no data,no data,no data,no data,no data,no data,no data,no data,no data,no data,no data,no data,no data,no data,no data,no data,no data,no data,no data,0.329,0.325,0.313,0.349,0.392,0.38,0.401,0.424,0.493,0.476,0.5,0.546,0.56,0.539,0.522,0.55,0.518,0.461,0.442,0.433,0.426,0.409,0.403,0.397,0.39,0.386
Libya,0.106,0.105,0.097,0.093,0.092,0.087,0.084,0.084,0.082,0.081,0.082,0.075,0.081,0.08,0.082,0.098,0.107,0.115,0.114,0.134,0.148,0.155,0.195,0.218,0.261,0.325,0.346,0.374,0.474,0.342,0.45,0.592,0.677,0.663,0.575,0.49,0.505,0.606,0.689,0.592,0.958,0.776,0.665,0.691,0.744,0.802
Lithuania,no data,no data,no data,no data,no data,no data,no data,no data,no data,no data,no data,no data,no data,no data,no data,0.312,0.365,0.399,0.408,0.397,0.394,0.384,0.379,0.369,0.369,0.383,0.397,0.419,0.451,0.433,0.438,0.452,0.453,0.443,0.443,0.446,0.438,0.442,0.446,0.451,0.451,0.448,0.448,0.449,0.45,0.45
Luxembourg,0.819,0.811,0.763,0.793,0.81,0.788,0.772,0.754,0.748,0.749,0.74,0.729,0.739,0.765,0.776,0.778,0.787,0.759,0.747,0.776,0.814,0.8,0.801,0.807,0.809,0.818,0.85,0.84,0.856,0.861,0.882,0.905,0.907,0.895,0.884,0.881,0.852,0.844,0.845,0.859,0.849,0.855,0.855,0.855,0.854,0.854
Macao SAR,no data,no data,no data,no data,no data,no data,no data,no data,no data,no data,no data,no data,no data,no data,no data,no data,no data,no data,no data,no data,no data,3.502,3.401,3.342,3.317,3.396,3.553,3.766,4.066,4.071,4.217,4.44,4.565,4.644,4.861,5.137,5.118,5.155,5.212,5.253,5.251,5.183,5.143,5.111,5.124,5.134
Madagascar,24.761,29.511,36.662,42.149,44.635,47.838,53.69,60.495,73.824,77.445,83.503,87.67,98.203,105.513,143.589,209.604,246.51,253.217,265.948,281.01,306.669,323.845,371.399,358.414,397.727,456.544,490.84,527.175,555.83,589.847,642.633,694.863,742.898,777.659,823.956,886.091,941.011,1013.435,1064.715,1104.861,1136.328,1172.913,1218.099,1262.219,1306.036,1350.137
Malawi,0.743,0.79,0.816,0.874,0.951,1.004,1.114,1.248,1.558,1.817,1.863,2.169,2.402,3.008,3.776,6.62,9.664,11.178,13.585,18.617,23.959,29.086,35.208,38.142,42.657,45.812,53.344,54.079,59.394,63.601,70.492,78.769,94.331,114.541,146.204,186.615,221.197,251.074,264.322,280.444,301.344,319.879,335.86,346.441,355.101,363.478
Malaysia,1.255,1.159,1.119,1.127,1.154,1.099,0.984,1.014,1.015,1.02,1.021,1.038,1.039,1.056,1.074,1.09,1.11,1.129,1.212,1.195,1.275,1.228,1.246,1.264,1.305,1.329,1.342,1.37,1.484,1.384,1.42,1.466,1.454,1.472,1.505,1.568,1.594,1.655,1.627,1.599,1.564,1.569,1.57,1.572,1.576,1.582
Maldives,1.945,1.929,1.906,1.875,1.841,1.874,2.004,2.19,2.218,2.268,2.764,3.051,3.367,3.661,3.893,4.396,4.478,4.935,4.723,4.737,4.686,4.615,4.622,4.597,4.923,5.211,5.431,5.824,6.344,7.007,7.126,7.862,8.154,8.246,8.174,8.278,8.129,8.161,8.389,8.451,8.364,8.408,8.428,8.445,8.453,8.458
Mali,111.028,111.681,127.162,132.847,143.377,139.344,137.85,132.708,127.437,123.61,124.256,117.457,112.542,113.343,157.602,176.407,169.731,170.54,172.8,173.28,168.441,172.537,175.817,159.503,160.911,167.757,170.395,173.496,182.57,189.588,195.585,216.09,225.379,219.312,218.683,218.571,211.357,214.509,210.421,211.899,213.128,211.858,212.318,212.709,212.892,212.982
Malta,0.523,0.509,0.482,0.463,0.447,0.436,0.448,0.454,0.446,0.443,0.446,0.45,0.447,0.45,0.461,0.465,0.457,0.465,0.474,0.482,0.553,0.565,0.571,0.571,0.568,0.561,0.557,0.554,0.561,0.568,0.58,0.574,0.58,0.577,0.586,0.6,0.583,0.578,0.576,0.578,0.578,0.573,0.571,0.569,0.568,0.569
Marshall Islands,no data,no data,no data,no data,no data,no data,no data,no data,no data,no data,no data,no data,no data,no data,no data,no data,no data,1.059,1.07,1.088,1.059,1.033,1.052,1.047,1.028,1.034,1.022,1.024,1.072,1.04,1.021,1.083,1.142,1.111,1.083,1.056,1.121,1.122,1.099,1.1,1.075,1.076,1.083,1.089,1.093,1.097
Mauritania,no data,no data,no data,no data,no data,no data,no data,no data,no data,no data,2.628,2.96,3.181,3.478,3.783,3.811,3.812,4.2,4.919,4.89,5.087,5.268,5.534,5.677,6.133,6.815,7.547,8.003,8.692,8.595,10.394,11.968,12.154,12.042,11.821,11.781,11.522,11.126,11.061,11.383,11.846,12.063,12.269,12.436,12.608,12.669
Mauritius,4.877,4.648,4.842,5.292,5.318,5.466,5.728,6.167,6.749,7.25,7.622,8.179,8.406,9.133,9.7,10.072,9.998,10.246,10.993,11.705,11.841,12.324,12.885,13.355,13.899,14.056,14.558,15.355,15.918,15.695,15.689,15.853,16.459,16.56,16.818,16.882,16.622,16.882,16.725,16.517,16.916,17.041,17.221,17.342,17.472,17.592
Mexico,0.013,0.015,0.023,0.041,0.063,0.097,0.161,0.381,0.738,0.901,1.113,1.329,1.492,1.771,1.887,2.559,3.18,3.713,4.238,4.85,5.273,5.472,5.683,5.805,6.102,6.266,6.47,6.666,6.942,7.162,7.401,7.673,7.859,7.884,8.045,8.326,8.446,8.871,9.091,9.23,9.37,9.437,9.571,9.704,9.818,9.919
"Micronesia, Fed. States of",no data,no data,no data,no data,no data,no data,no data,no data,no data,no data,no data,no data,no data,no data,no data,1.018,1.017,1.006,1.026,1.002,0.99,0.98,0.965,0.944,0.929,0.92,0.905,0.911,0.936,0.979,1.003,0.998,1.049,1.038,1.05,0.985,1.014,1.07,1.143,1.144,1.118,1.122,1.124,1.127,1.128,1.128
Moldova,no data,no data,no data,no data,no data,no data,no data,no data,no data,no data,no data,0.001,0.015,0.137,0.506,0.688,0.864,0.957,1.035,1.426,1.813,1.949,2.107,2.376,2.499,2.65,2.917,3.292,3.528,3.577,4.714,4.996,5.01,4.989,5.293,5.556,5.409,5.572,5.558,5.829,5.877,6.015,6.205,6.399,6.6,6.803
Mongolia,3.19,2.956,2.84,2.758,2.581,2.466,2.195,2.157,2.102,2.023,1.95,3.754,10.045,41.103,66.129,103.809,112.96,135.111,131.026,143.216,156.895,167.106,173.987,187.435,214.558,216.133,256.839,283.034,340.565,346.977,473.137,533.527,577.66,630.68,683.767,717.072,729.223,791.436,837.893,891.677,934.433,982.907,1043.728,1107.11,1170.906,1240.552
Montenegro,no data,no data,no data,no data,no data,no data,no data,no data,no data,no data,no data,no data,no data,no data,no data,no data,no data,no data,no data,no data,0.209,0.248,0.251,0.266,0.278,0.282,0.301,0.34,0.359,0.365,0.367,0.364,0.37,0.364,0.362,0.36,0.349,0.351,0.353,0.353,0.348,0.347,0.344,0.343,0.342,0.341
Morocco,2.984,2.991,3.02,3.119,3.27,3.436,3.716,3.768,3.834,3.835,3.9,3.976,4.065,4.092,4.032,4.247,4.189,4.148,4.117,4.082,3.963,3.903,3.889,3.859,3.803,3.732,3.679,3.711,3.805,3.782,3.775,3.672,3.75,3.794,4.034,3.996,3.994,4.023,3.971,3.933,3.896,3.836,3.809,3.793,3.781,3.774
Mozambique,0.066,0.045,0.05,0.054,0.062,0.08,0.088,0.242,0.346,0.491,0.883,1.294,1.722,2.424,3.541,5.265,8.189,8.837,9.223,9.186,9.983,11.331,12.359,12.676,13.178,13.727,14.38,15.064,15.626,15.631,16.684,16.894,18.019,18.426,18.551,18.264,19.834,22.856,22.99,23.592,24.401,25.214,26.137,27.307,28.612,29.949
Myanmar,no data,no data,no data,no data,no data,no data,no data,no data,no data,no data,no data,no data,no data,no data,no data,no data,no data,no data,44.229,55.985,60.799,68.047,91.625,115.574,122.859,133.462,155.926,186.154,214.616,231.982,244.509,261.784,267.496,278.559,294.007,318.979,347.071,366.713,377.617,394.237,413.484,432.901,453.863,474.149,494.857,516.241
Namibia,no data,no data,no data,no data,no data,no data,no data,no data,no data,no data,1.337,1.318,1.286,1.403,1.631,1.688,1.898,1.998,2.031,2.252,2.791,3.003,3.215,3.212,3.356,3.364,3.675,3.936,4.282,4.546,4.653,4.732,5.212,5.4,5.666,5.932,6.414,7.021,7.15,7.131,7.265,7.339,7.482,7.65,7.825,8
Nauru,no data,no data,no data,no data,no data,no data,no data,no data,no data,no data,no data,no data,no data,no data,no data,no data,no data,no data,no data,no data,no data,no data,no data,no data,1.274,1.156,0.964,0.904,1.053,1.372,1.102,1.209,1.521,1.161,1.067,0.932,1.18,1.295,1.318,1.328,1.338,1.35,1.359,1.36,1.355,1.346
Nepal,4.034,3.978,3.933,4.552,4.737,5.18,5.808,6.387,6.899,7.386,7.883,8.581,9.941,10.758,11.04,11.494,12.17,12.808,13.196,14.154,14.475,14.533,14.87,15.047,15.263,15.708,16.368,17.152,17.77,20.442,23.267,25.255,26.004,26.8,28.153,29.943,31.999,31.235,32.411,33.997,35.664,36.986,38.448,39.878,41.204,42.554
Netherlands,1.057,1.018,1.01,0.993,0.972,0.959,0.941,0.915,0.882,0.86,0.842,0.84,0.842,0.835,0.835,0.832,0.825,0.833,0.84,0.839,0.849,0.865,0.884,0.887,0.874,0.864,0.86,0.855,0.858,0.854,0.852,0.836,0.824,0.798,0.809,0.81,0.796,0.778,0.779,0.788,0.786,0.779,0.778,0.777,0.776,0.775
New Zealand,0.837,0.865,0.907,0.951,0.988,1.107,1.234,1.402,1.496,1.507,1.497,1.452,1.446,1.444,1.424,1.423,1.428,1.409,1.409,1.396,1.397,1.427,1.414,1.407,1.417,1.408,1.398,1.421,1.448,1.45,1.474,1.486,1.496,1.446,1.441,1.475,1.441,1.453,1.436,1.443,1.463,1.447,1.44,1.437,1.438,1.439
Nicaragua,0,0,0,0,0,0,0,0,0,0.001,0.064,1.87,2.257,2.657,2.753,3.057,3.291,3.551,4.004,4.311,4.578,4.804,4.883,5.05,5.362,5.714,6.002,6.411,7.307,7.689,8.067,8.71,9.362,9.715,10.16,10.554,10.594,10.807,10.933,11.242,11.571,11.779,11.978,12.177,12.366,12.554
Niger,183.643,187.064,193.797,201.039,216.74,197.699,185.658,184.257,168.548,164.459,155.99,146.902,136.158,127.86,152.997,156.223,164.104,172.602,181.055,179.155,180.808,185.796,187.607,183.84,179.713,189.247,186.436,194.334,209.936,217.077,222.033,226.128,233.427,242.084,244,249.921,257.019,258.46,258.54,254.277,256.76,256.232,256.785,257.26,257.482,257.591
Nigeria,no data,no data,no data,no data,no data,no data,no data,no data,no data,no data,2.869,3.329,4.861,6.47,8.847,13.97,17.21,17.891,19.265,21.849,26.322,28.477,34.078,35.863,41.177,47.98,56.161,58.666,63.708,65.993,73.438,78.777,86.826,90.261,92.782,96.832,105.374,115.978,124.843,135.391,148.689,163.455,178.282,193.498,209.522,226.455
North Macedonia ,no data,no data,no data,no data,no data,no data,no data,no data,no data,no data,no data,no data,1.071,5.675,14.002,16.056,16.216,16.574,16.617,16.838,17.813,18.254,18.139,18.102,17.599,17.902,17.942,18.275,18.91,18.823,18.986,19.29,19.003,19.105,18.996,19.435,18.961,19.043,19.274,19.384,19.497,19.361,19.403,19.439,19.456,19.464
Norway,5.249,5.413,5.634,5.799,5.945,6.062,5.91,6.184,6.264,6.366,6.37,6.298,6.118,6.113,5.976,6.033,6.177,6.241,6.129,6.444,7.274,7.237,7.008,7.077,7.294,7.693,8.121,8.142,8.818,8.295,8.689,9.083,9.037,9.029,9.278,9.93,10.043,9.922,10.249,10.007,9.845,10.007,10.046,10.099,10.141,10.201
Oman,0.18,0.171,0.151,0.132,0.123,0.116,0.097,0.104,0.093,0.097,0.108,0.095,0.094,0.087,0.085,0.085,0.09,0.086,0.073,0.08,0.092,0.086,0.088,0.096,0.105,0.125,0.138,0.146,0.191,0.142,0.162,0.185,0.189,0.191,0.199,0.198,0.194,0.2,0.219,0.207,0.185,0.191,0.188,0.188,0.188,0.188
Pakistan,4.36,4.437,4.526,4.585,4.904,4.918,4.939,5.068,5.426,5.671,5.855,6.399,6.894,7.295,8.015,8.931,9.349,10.35,10.905,11.323,11.416,12.054,12.172,12.495,13.096,13.432,14.45,14.995,16.13,19.792,21.48,24.962,26.635,28.522,30.403,31.468,32.378,33.589,33.704,35.642,38.77,41.496,44.223,46.583,48.546,50.586
Palau,no data,no data,no data,no data,no data,no data,no data,no data,no data,no data,no data,no data,no data,no data,no data,no data,no data,no data,no data,no data,0.934,0.921,0.91,0.872,0.869,0.906,0.905,0.898,0.948,0.926,0.915,0.898,0.948,1.004,1.012,1.092,1.156,1.121,1.027,1.009,1.005,0.993,0.986,0.983,0.984,0.984
Panama,0.586,0.555,0.548,0.567,0.556,0.543,0.534,0.533,0.514,0.489,0.474,0.46,0.473,0.478,0.486,0.478,0.515,0.514,0.513,0.511,0.493,0.488,0.488,0.484,0.481,0.475,0.47,0.472,0.498,0.526,0.533,0.553,0.574,0.571,0.559,0.538,0.515,0.497,0.49,0.48,0.469,0.46,0.457,0.458,0.458,0.458
Papua New Guinea,0.861,0.765,0.744,0.781,0.754,0.731,0.717,0.699,0.871,0.817,0.821,0.85,0.855,0.849,0.855,0.971,0.982,1.074,1.118,1.224,1.354,1.417,1.554,1.602,1.604,1.679,1.783,1.785,1.955,1.846,2.005,2.138,2.086,2.123,2.198,2.093,2.153,2.275,2.447,2.432,2.398,2.465,2.57,2.608,2.628,2.642
Paraguay,46.302,49.39,49.435,54.44,66.243,80.607,104.078,132.588,160.2,202.702,264.854,379.9,423.744,464.52,511.993,557.024,609.484,619.589,712.308,777.161,871.644,971.8,1128.38,1275.579,1389.146,1521.683,1607.783,1763.557,1940.855,1998.259,2065.926,2126.67,2288.408,2309.777,2383.451,2453.16,2507.4,2534.377,2528.972,2508.108,2560.121,2594.492,2634.467,2674.329,2703.387,2730.764
Peru,0,0,0,0,0,0,0,0,0,0.001,0.072,0.337,0.555,0.797,0.967,1.076,1.164,1.23,1.287,1.305,1.326,1.313,1.299,1.314,1.351,1.337,1.412,1.415,1.417,1.429,1.498,1.543,1.599,1.616,1.646,1.714,1.743,1.749,1.742,1.742,1.778,1.799,1.805,1.809,1.81,1.809
Philippines,3.016,3.078,3.151,3.464,5.126,5.845,5.899,6.188,6.554,6.877,7.469,8.414,8.868,9.251,9.973,10.522,11.131,11.629,12.697,13.315,13.784,14.246,14.617,14.809,15.27,15.684,16.002,16.076,16.901,17.233,17.779,18.098,18.069,18.426,18.876,19.001,18.949,19.385,19.639,19.442,19.589,19.736,19.967,20.2,20.416,20.624
Poland,0.001,0.002,0.003,0.004,0.004,0.005,0.006,0.007,0.012,0.036,0.232,0.348,0.474,0.602,0.804,1.056,1.223,1.37,1.505,1.572,1.649,1.67,1.685,1.667,1.703,1.694,1.673,1.689,1.721,1.773,1.782,1.801,1.796,1.762,1.767,1.765,1.733,1.737,1.717,1.736,1.777,1.784,1.789,1.799,1.808,1.817
Portugal,0.137,0.148,0.165,0.201,0.24,0.281,0.326,0.348,0.381,0.407,0.436,0.468,0.499,0.513,0.537,0.555,0.558,0.57,0.586,0.597,0.604,0.613,0.628,0.638,0.636,0.638,0.639,0.64,0.639,0.641,0.638,0.623,0.605,0.584,0.579,0.585,0.571,0.575,0.57,0.57,0.571,0.565,0.562,0.56,0.558,0.555
Puerto Rico,0.65,0.649,0.663,0.654,0.653,0.656,0.644,0.651,0.647,0.641,0.645,0.643,0.645,0.642,0.648,0.653,0.666,0.663,0.691,0.698,0.705,0.712,0.714,0.716,0.724,0.749,0.767,0.775,0.81,0.844,0.855,0.857,0.858,0.86,0.86,0.875,0.892,0.905,0.902,0.887,0.86,0.847,0.841,0.835,0.828,0.822
Qatar,1.169,1.223,1.101,0.953,0.822,0.857,0.639,0.651,0.577,0.557,0.875,0.765,0.775,0.695,0.684,0.77,0.821,0.812,0.62,0.781,1.147,1.039,1.058,1.225,1.293,1.694,1.686,1.801,2.228,1.532,1.745,2.153,2.186,2.24,2.365,2.468,2.504,2.346,2.575,2.408,2.089,2.099,2.117,2.128,2.142,2.153
Romania,0.001,0.001,0.001,0.001,0.001,0,0,0,0,0,0,0.001,0.004,0.013,0.03,0.04,0.057,0.139,0.214,0.312,0.435,0.587,0.709,0.857,0.963,1.047,1.124,1.267,1.442,1.49,1.525,1.55,1.564,1.606,1.628,1.662,1.597,1.604,1.665,1.749,1.796,1.815,1.838,1.864,1.884,1.904
Russian Federation,no data,no data,no data,no data,no data,no data,no data,no data,no data,no data,0,0.001,0.013,0.122,0.489,1.169,1.674,1.894,2.221,3.776,5.084,5.795,6.596,7.357,8.617,9.97,11.145,12.351,14.292,14.466,16.329,18.444,19.568,19.506,20.999,23.563,24.195,24.05,26.094,26.607,26.024,26.628,27.03,27.561,28.118,28.797
Rwanda,51.734,52.357,53.934,53.132,50.787,51.488,46.904,46.339,45.823,51.081,48.423,54.7,56.984,64.521,67.401,102.392,114.189,129.675,131.161,125.435,121.526,123.299,115.549,145.5,159.843,169.13,182.12,201.56,247.492,257.462,266.059,276.649,299.239,302.895,297.072,299.615,311.476,325.126,315.109,310.774,326.517,322.814,332.878,343.3,353.702,364.258
Saint Kitts and Nevis,1.158,1.232,1.249,1.209,1.24,1.259,1.333,1.375,1.426,1.441,1.489,1.399,1.467,1.482,1.539,1.569,1.553,1.601,1.633,1.644,1.588,1.606,1.636,1.633,1.651,1.575,1.745,1.807,1.821,1.875,1.895,1.961,2.016,2.034,2.035,2.035,2.038,2.04,1.962,1.977,1.958,1.938,1.951,1.954,1.956,1.957
Saint Lucia,1.611,1.598,1.39,1.383,1.576,1.535,1.572,1.63,1.582,1.583,1.653,1.686,1.678,1.655,1.663,1.711,1.688,1.707,1.729,1.744,1.725,1.672,1.653,1.708,1.675,1.737,1.772,1.783,1.795,1.769,1.846,1.83,1.876,1.877,1.931,2.011,1.958,1.996,1.962,1.947,1.926,1.924,1.929,1.932,1.934,1.935
Saint Vincent and the Grenadines,1.309,1.428,1.461,1.464,1.482,1.486,1.526,1.615,1.576,1.571,1.617,1.622,1.616,1.569,1.572,1.574,1.604,1.595,1.622,1.637,1.595,1.666,1.657,1.575,1.596,1.593,1.593,1.682,1.65,1.623,1.676,1.636,1.65,1.643,1.596,1.605,1.533,1.59,1.557,1.548,1.548,1.539,1.541,1.542,1.544,1.544
Samoa,0.59,0.627,0.714,0.81,0.904,0.952,0.943,0.959,0.985,1,1.35,1.346,1.422,1.462,1.057,1.452,1.412,1.554,1.672,1.655,1.653,1.672,1.67,1.681,1.753,1.768,1.806,1.891,2.024,2.042,1.932,1.9,1.932,1.917,1.88,1.941,1.943,1.907,1.9,1.907,1.932,1.938,1.945,1.958,1.975,1.992
San Marino,no data,no data,no data,no data,no data,no data,no data,no data,no data,no data,no data,no data,no data,no data,no data,no data,no data,0.747,0.752,0.753,0.755,0.759,0.765,0.77,0.764,0.754,0.746,0.713,0.718,0.718,0.722,0.71,0.715,0.726,0.69,0.691,0.689,0.683,0.679,0.674,0.673,0.664,0.659,0.655,0.649,0.646
Saudi Arabia,1.308,1.335,1.336,1.301,1.245,1.194,0.856,0.891,0.784,0.819,0.846,0.8,0.779,0.749,0.741,0.768,0.813,0.827,0.704,0.795,0.862,0.83,0.866,0.87,0.94,1.096,1.187,1.253,1.447,1.21,1.402,1.586,1.65,1.666,1.646,1.591,1.639,1.649,1.796,1.773,1.587,1.627,1.633,1.638,1.642,1.646
Senegal,163.961,166.264,171.883,180.745,188.042,198.667,205.92,197.754,188.338,183.982,177.313,170.27,164.929,160.903,210.931,221.821,227.236,227.964,231.64,229.15,229.414,229.419,233.298,230.219,225.372,223.992,226.091,231.885,242.329,238.11,237.898,241.276,245.6,247.212,243.618,242.595,244.658,246.787,239.882,239.574,241.179,239.963,239.67,239.417,238.724,237.464
Serbia,no data,no data,no data,no data,no data,no data,no data,no data,no data,no data,no data,no data,no data,no data,no data,no data,no data,3.059,3.793,4.982,8.702,16.115,18.726,20.699,21.988,24.632,26.862,28.436,30.428,32.579,34.049,36.324,37.982,39.323,39.802,40.726,40.459,40.795,40.685,40.955,41.91,41.939,42.215,42.603,43.079,43.621
Seychelles,3.392,3.327,3.187,3.165,3.15,3.123,3.238,3.275,3.288,3.231,3.313,3.139,3.213,3.233,3.25,3.117,2.875,2.851,3.113,3.132,3.101,3.222,3.286,3.418,4.15,4.043,3.981,4.334,5.738,7.26,6.875,6.884,7.625,7.959,7.844,8.157,7.815,7.969,7.954,7.905,8.079,8.14,8.205,8.301,8.389,8.474
Sierra Leone,0.643,0.682,0.758,0.981,1.434,2.574,5.962,10.472,15.517,24.041,31.753,78.163,124.688,156.397,181.423,242.747,417.898,479.809,602.8,742.95,771.117,712.505,673.897,748.477,822.241,929.996,1013.934,1054.506,1137.737,1216.967,1409.537,1620.575,1750.438,1778.18,1808.755,1881.811,1975.344,2244.995,2499.921,2733.428,3037.77,3363.59,3678.437,3972.033,4246.01,4509.9
Singapore,1.129,1.092,1.076,1.068,1.039,0.992,0.96,0.942,0.96,0.962,0.971,0.98,0.972,0.982,0.995,1.005,1.002,0.996,0.972,0.923,0.938,0.901,0.879,0.848,0.859,0.849,0.84,0.866,0.838,0.856,0.855,0.847,0.846,0.859,0.864,0.88,0.878,0.886,0.892,0.877,0.848,0.831,0.826,0.822,0.818,0.814
Slovak Republic,no data,no data,no data,no data,no data,no data,no data,no data,no data,no data,no data,no data,no data,0.318,0.353,0.376,0.385,0.402,0.417,0.441,0.472,0.485,0.497,0.514,0.529,0.526,0.525,0.517,0.522,0.512,0.508,0.506,0.505,0.491,0.485,0.491,0.503,0.503,0.501,0.505,0.507,0.5,0.502,0.502,0.503,0.504
Slovenia,no data,no data,no data,no data,no data,no data,no data,no data,no data,no data,no data,no data,0.288,0.332,0.358,0.393,0.428,0.457,0.485,0.509,0.526,0.559,0.592,0.614,0.618,0.609,0.604,0.613,0.628,0.644,0.63,0.624,0.607,0.59,0.591,0.595,0.577,0.568,0.567,0.57,0.569,0.565,0.566,0.568,0.569,0.57
Solomon Islands,0.658,0.681,0.724,0.745,0.798,0.846,0.872,0.949,1.07,1.066,1.377,1.429,1.581,1.807,2.264,2.449,2.735,2.959,3.243,3.487,3.625,3.951,4.299,4.358,4.474,4.961,5.241,5.659,5.988,6.341,6.647,7.131,7.501,7.494,7.646,7.843,7.764,7.727,7.863,7.826,7.881,7.971,8.082,8.205,8.343,8.475
Somalia,no data,no data,no data,no data,no data,no data,no data,no data,no data,no data,no data,no data,no data,no data,no data,no data,no data,no data,no data,no data,no data,no data,no data,no data,no data,no data,no data,no data,no data,no data,no data,0.267,0.356,0.432,0.402,0.357,0.343,0.356,0.354,0.354,0.353,0.366,0.367,0.368,0.368,0.369
South Africa,0.479,0.482,0.517,0.58,0.624,0.706,0.811,0.906,1.008,1.137,1.266,1.416,1.586,1.75,1.877,2.026,2.147,2.278,2.428,2.562,2.728,2.872,3.174,3.296,3.419,3.497,3.606,3.823,4.081,4.354,4.577,4.777,5.108,5.296,5.572,5.825,6.159,6.427,6.522,6.665,6.799,6.91,7.081,7.268,7.452,7.638
"South Sudan, Republic of",no data,no data,no data,no data,no data,no data,no data,no data,no data,no data,no data,no data,no data,no data,no data,no data,no data,no data,no data,no data,no data,no data,no data,no data,no data,no data,no data,no data,no data,no data,no data,1.593,2.291,2.501,2.609,3.268,13.07,35.505,58.785,67.621,59.805,81.499,100.898,117.388,131.982,141.983
Spain,0.337,0.352,0.376,0.406,0.432,0.456,0.493,0.508,0.517,0.531,0.55,0.569,0.594,0.613,0.622,0.63,0.64,0.644,0.653,0.66,0.668,0.681,0.698,0.712,0.72,0.727,0.734,0.739,0.741,0.737,0.729,0.714,0.695,0.675,0.662,0.665,0.643,0.63,0.622,0.621,0.615,0.607,0.605,0.604,0.603,0.601
Sri Lanka,5.079,5.334,5.574,6.361,7.274,7.095,7.371,7.772,8.249,8.809,10.216,10.318,11.895,12.7,13.342,14.209,14.31,14.783,16.996,17.692,18.151,20.271,21.624,22.323,23.651,25.326,27.354,30.376,34.661,36.421,38.63,39.289,41.447,42.939,44.298,45.183,46.283,49.39,50.325,50.525,52.164,53.435,55.126,56.825,58.546,60.294
Sudan,0,0,0,0,0,0,0.001,0.001,0.001,0.002,0.003,0.004,0.007,0.017,0.033,0.068,0.17,0.243,0.302,0.352,0.396,0.421,0.46,0.495,0.566,0.648,0.677,0.76,0.812,0.821,0.995,1.231,1.639,2.207,2.621,2.968,3.373,4.619,7.553,11.273,26.952,60.876,94.277,118.244,138.307,158.258
Suriname,0.001,0.001,0.001,0.001,0.001,0.001,0.001,0.001,0.001,0.001,0.002,0.003,0.003,0.008,0.045,0.15,0.15,0.147,0.171,0.292,0.469,0.621,0.801,0.963,1.062,1.174,1.272,1.318,1.494,1.579,1.673,1.866,1.924,1.845,1.811,1.82,2.429,2.578,2.635,2.754,4.457,7.029,7.945,8.678,9.295,9.937
Sweden,6.77,6.466,6.574,6.951,7.228,7.451,7.759,7.935,8.178,8.489,8.943,9.36,9.257,9.256,9.297,9.453,9.377,9.358,9.329,9.279,9.213,9.239,9.236,9.222,9.01,8.798,8.689,8.701,8.811,8.951,8.932,8.844,8.655,8.598,8.727,8.852,8.823,8.719,8.719,8.798,8.817,8.779,8.759,8.74,8.731,8.719
Switzerland,1.783,1.72,1.738,1.714,1.716,1.702,1.718,1.713,1.702,1.694,1.708,1.741,1.738,1.738,1.722,1.699,1.671,1.636,1.615,1.594,1.583,1.565,1.536,1.525,1.489,1.456,1.442,1.439,1.438,1.434,1.422,1.397,1.354,1.312,1.282,1.235,1.202,1.18,1.156,1.138,1.121,1.097,1.082,1.067,1.053,1.04
Syria,2.707,2.925,2.808,2.834,3.007,3.001,3.709,4.568,5.702,6.559,7.359,7.464,7.687,7.783,8.833,9.258,10.684,11.459,11.382,12.001,13.269,13.357,13.743,13.232,14.216,15.434,16.343,17.63,20.052,19.347,20.476,no data,no data,no data,no data,no data,no data,no data,no data,no data,no data,no data,no data,no data,no data,no data
São Tomé and Príncipe,0.021,0.024,0.022,0.022,0.024,0.023,0.029,0.041,0.052,0.07,0.096,0.117,0.159,0.273,0.466,0.684,1.339,1.831,2.101,2.234,2.404,2.376,2.618,2.967,3.224,3.728,4.166,4.634,5.93,6.331,7.039,7.431,8.652,8.767,8.624,9.186,9.739,10.055,10.075,10.464,10.679,10.762,10.891,11.036,11.158,11.274
Taiwan Province of China,24.694,24.972,24.1,23.813,23.28,22.571,23.21,22.659,21.901,21.619,21.908,21.931,22.13,22.37,22.278,22.337,22.449,22.555,23.03,22.265,21.58,20.983,20.573,19.913,19.247,18.384,17.622,17.072,16.304,16.2,15.808,15.151,15.081,15.042,15.25,15.476,15.776,15.73,15.25,15.02,14.776,14.519,14.433,14.346,14.264,14.195
Tajikistan,no data,no data,no data,no data,no data,no data,no data,no data,no data,no data,no data,no data,0,0.001,0.003,0.012,0.06,0.119,0.181,0.225,0.273,0.337,0.405,0.514,0.585,0.622,0.727,0.905,1.133,1.268,1.41,1.565,1.67,1.649,1.651,1.914,2.03,2.231,2.288,2.349,2.421,2.482,2.575,2.667,2.763,2.861
Tanzania,8.525,9.265,10.492,11.401,12.541,14.825,17.979,22.397,31.851,36.951,43.613,54.046,66.25,80.548,103.447,128.539,150.606,178.73,227.437,245.789,258.62,266.496,280.97,299.157,311.771,321.783,363.776,375.286,426.8,462.805,499.775,546.073,649.705,706.309,759.031,803.812,848.68,885.083,877.989,874.377,897.17,914.291,937.719,963.725,990.427,1017.42
Thailand,9.155,9.064,8.969,8.945,8.758,8.675,8.644,8.834,9.038,9.229,9.404,9.577,9.741,9.734,9.976,10.332,10.562,10.841,11.585,11.126,11.028,10.998,11.01,11.041,11.136,11.349,11.578,11.554,11.915,11.848,12.19,12.387,12.25,12.301,12.488,12.641,12.731,12.845,12.727,12.597,12.353,12.196,12.011,11.821,11.658,11.543
Timor-Leste,no data,no data,no data,no data,no data,no data,no data,no data,no data,no data,no data,no data,no data,no data,no data,no data,no data,no data,no data,no data,0.327,0.358,0.371,0.389,0.339,0.335,0.333,0.352,0.37,0.375,0.41,0.455,0.437,0.487,0.453,0.458,0.432,0.409,0.392,0.386,0.361,0.377,0.384,0.386,0.388,0.388
Togo,155.135,156.715,156.272,175.207,168.177,169.438,173.718,177.146,171.385,166.503,155.803,155.239,154.299,146.8,191.759,186.266,213.116,234.523,227.079,228.353,221.258,220.048,227.512,216.902,207.186,212.734,205.435,210.001,230.252,232.131,230.908,228.625,237.899,240.651,238.234,241.552,243.553,239.722,238.058,238.807,246.318,251.589,254.39,257.138,259.661,262.093
Tonga,0.935,0.824,0.777,0.78,0.566,0.61,0.652,0.715,0.766,0.789,0.791,0.846,0.924,0.97,0.959,0.893,0.903,0.887,0.901,0.947,0.953,0.979,1.037,1.134,1.197,1.253,1.439,1.463,1.501,1.563,1.665,1.639,1.675,1.607,1.578,1.646,1.679,1.74,1.787,1.89,1.874,1.848,1.861,1.866,1.869,1.878
Trinidad and Tobago,2.01,1.969,2.08,2.128,2.177,2.137,2.068,2.116,2.129,2.196,2.445,2.402,2.186,2.277,2.577,2.629,2.63,2.493,2.42,2.488,2.727,2.75,2.586,2.815,3.003,3.301,3.235,3.572,4.334,3.146,3.496,3.95,4.097,4.317,4.375,4.24,4.107,4.162,4.311,4.277,4.214,4.145,4.126,4.103,4.07,4.036
Tunisia,0.281,0.286,0.313,0.342,0.351,0.353,0.359,0.368,0.382,0.397,0.402,0.414,0.429,0.436,0.444,0.456,0.467,0.481,0.491,0.5,0.507,0.516,0.519,0.523,0.527,0.532,0.536,0.533,0.556,0.569,0.584,0.596,0.635,0.671,0.7,0.742,0.767,0.794,0.825,0.868,0.899,0.922,0.945,0.968,0.987,1.007
Turkey,0,0,0,0,0,0,0,0,0.001,0.001,0.001,0.002,0.003,0.005,0.011,0.02,0.035,0.063,0.11,0.167,0.245,0.366,0.496,0.6,0.657,0.682,0.725,0.749,0.824,0.862,0.912,0.966,1.02,1.07,1.105,1.162,1.241,1.373,1.562,1.748,1.885,1.953,2.138,2.373,2.57,2.787
Turkmenistan,no data,no data,no data,no data,no data,no data,no data,no data,no data,no data,no data,no data,0,0,0.002,0.015,0.185,0.294,0.343,0.416,0.447,0.501,0.535,0.589,0.621,0.645,0.702,0.748,1.171,1.275,1.29,1.426,1.578,1.634,1.682,1.645,1.613,1.623,1.605,1.645,1.691,1.755,1.821,1.889,1.959,2.032
Tuvalu,no data,no data,no data,no data,no data,no data,no data,no data,no data,no data,no data,no data,no data,no data,no data,no data,no data,no data,no data,no data,1.105,1.147,1.167,1.171,1.205,1.176,1.188,1.156,1.173,1.172,1.188,1.173,1.16,1.162,1.197,1.241,1.323,1.312,1.363,1.39,1.391,1.392,1.397,1.409,1.411,1.411
Uganda,0.379,0.54,0.761,1.026,2.007,4.07,8.416,23.132,64.766,134.228,186.752,213.184,284.485,324.713,350.199,372.243,382.102,405.183,423.494,431.126,454.697,441.176,446.652,467.289,488.511,490.987,517.391,545.755,619.532,722.01,729.115,856.168,1003.277,1042.081,1073.747,1125.471,1211.94,1270.608,1301.799,1308.973,1345.432,1379.782,1409.06,1451.97,1493.641,1525.761
Ukraine,no data,no data,no data,no data,no data,no data,no data,no data,no data,no data,no data,no data,0,0.005,0.054,0.274,0.448,0.52,0.576,0.723,0.87,0.905,0.938,0.997,1.119,1.346,1.501,1.795,2.273,2.54,2.854,3.192,3.297,3.013,3.435,4.566,5.014,5.916,6.669,7.085,7.33,7.566,7.831,8.091,8.338,8.586
United Arab Emirates,1.664,1.551,1.464,1.362,1.248,1.218,1.172,1.193,1.202,1.154,1.16,1.115,1.108,1.108,1.087,1.106,1.15,1.118,1.057,1.134,1.238,1.189,1.215,1.241,1.311,1.481,1.61,1.763,2.05,1.725,1.918,2.127,2.178,2.213,2.183,2.188,2.19,2.222,2.348,2.263,2.007,2.043,2.051,2.057,2.06,2.062
United Kingdom,0.523,0.537,0.547,0.555,0.564,0.576,0.59,0.607,0.621,0.644,0.671,0.692,0.698,0.7,0.695,0.697,0.713,0.708,0.707,0.703,0.701,0.693,0.696,0.699,0.698,0.694,0.692,0.691,0.698,0.704,0.706,0.706,0.702,0.695,0.698,0.692,0.689,0.682,0.68,0.681,0.691,0.676,0.677,0.679,0.68,0.68
United States,1,1,1,1,1,1,1,1,1,1,1,1,1,1,1,1,1,1,1,1,1,1,1,1,1,1,1,1,1,1,1,1,1,1,1,1,1,1,1,1,1,1,1,1,1,1
Uruguay,0.008,0.01,0.011,0.014,0.022,0.037,0.061,0.103,0.161,0.272,0.588,1.142,1.783,2.575,3.504,4.84,6.009,7.047,7.849,8.157,8.248,8.427,9.274,10.454,11.247,11.049,11.425,12.174,12.9,13.794,14.304,15.274,16.938,18.173,19.473,21.105,22.454,23.294,24.011,25.399,27.922,29.783,31.428,32.476,33.11,33.822
Uzbekistan,no data,no data,no data,no data,no data,no data,no data,no data,no data,no data,no data,0.001,0.012,0.134,1.762,8.126,13.614,22.227,30.552,43.403,62.552,88.872,127.247,158.313,178.897,210.576,247.873,299.313,360.724,430.274,505.899,601.998,706.905,804.31,935.237,1058.678,1179.957,1432.907,1783.705,2089.474,2391.319,2576.076,2738.144,2854.691,2953.82,3048.858
Vanuatu,75.358,79.637,81.074,80.204,86.829,81.264,77.291,87.851,93.168,95.438,91.1,97.169,97.651,97.359,97.528,97.18,97.422,98.813,102.201,103.848,103.791,105.245,106.584,105.477,104.886,102.144,102.984,105.778,111.358,113.069,114.692,115.827,114.117,115.13,115.311,119.355,120.297,122.979,123.948,124.91,125.388,125.355,125.768,126.31,126.729,127.094
Venezuela,0,0,0,0,0,0,0,0,0,0,0,0,0,0,0,0,0,0,0,0,0,0,0,0,0,0,0,0,0,0,0,0,0,0,0,0,0.001,0.005,3.424,672.972,no data,no data,no data,no data,no data,no data
Vietnam,0.249,0.301,0.567,0.816,1.299,2.413,13.889,56.472,222.187,499.605,684.652,1144.335,1483.168,1701.073,1947.948,2233.06,2383.617,2497.811,2688.287,2802,2834.163,2827.373,2893.456,3030.135,3477.764,3677.91,3875.77,4137.857,4979.203,5248.676,5814.661,6915.335,7167.057,7369.895,7473.419,7413.456,7315.613,7395.338,7499.581,7530.2,7611.984,7698.662,7832.329,7989.649,8175.476,8348.323
West Bank and Gaza,no data,no data,no data,no data,no data,no data,no data,no data,no data,no data,no data,no data,no data,no data,1.722,1.818,1.942,1.984,2.046,2.13,2.267,2.341,2.635,2.434,2.219,2.156,2.19,2.06,2.065,2.288,2.434,2.405,2.36,2.337,2.177,2.136,2.149,2.036,1.981,2.002,1.895,1.847,1.847,1.855,1.859,1.862
Yemen,no data,no data,no data,no data,no data,no data,no data,no data,no data,no data,6.108,6.617,7.321,8.323,9.843,14.051,18.872,21.018,19.05,25.062,30.237,30.401,32.535,35.421,39.361,45.246,49.885,53.869,63.609,57.633,70.423,81.477,88.793,93.631,98.515,142.941,141.647,164.828,184.873,193.681,242.382,281.164,308.973,331.359,352.766,377.633
Zambia,0,0,0,0,0.001,0.001,0.001,0.002,0.003,0.005,0.01,0.018,0.045,0.114,0.195,0.249,0.304,0.375,0.434,0.504,0.654,0.802,0.942,1.088,1.268,1.435,1.595,1.755,1.905,1.995,2.248,2.446,2.651,2.833,3.065,3.366,3.879,4.193,4.514,4.819,5.423,6.104,6.611,7.062,7.472,7.797
Zimbabwe,no data,no data,no data,no data,no data,no data,no data,no data,no data,no data,no data,no data,no data,no data,no data,no data,no data,no data,0.421,0.408,0.402,0.392,0.399,0.417,0.428,0.429,0.388,0.374,0.378,0.503,0.518,0.52,0.549,0.558,0.549,0.539,0.541,0.641,0.936,3.692,20.012,21.219,21.749,22.048,22.674,23.33
,,,,,,,,,,,,,,,,,,,,,,,,,,,,,,,,,,,,,,,,,,,,,,
"©IMF, 2020",,,,,,,,,,,,,,,,,,,,,,,,,,,,,,,,,,,,,,,,,,,,,,